transect,class,x,y,lon,lat,log,nasc
2,BT,710,6220,-161.5892598625,56.0884775125,262.75391425,2.4161423749999997
2,BT,710,6230,-161.58374768181818,56.16748878181818,267.50311027272727,68.08714409090909
2,BT,710,6240,-161.57705377272728,56.25899961818182,273.00251036363636,170.32161845454544
2,BT,710,6250,-161.57059433999999,56.34639842,278.2514956,107.26402379999999
2,BT,710,6260,-161.56372682727272,56.43387799090909,283.50184172727273,113.44259063636365
2,BT,710,6270,-161.55746727272728,56.52541557272727,289.0018852727273,307.4196873636364
2,BT,710,6280,-161.55128693636362,56.61695428181818,294.50260272727274,128.79484790909092
2,BT,710,6290,-161.54412453636363,56.70840269090909,300.00159254545457,7.866769000000001
2,BT,710,6300,-161.53782842,56.79560892,305.2516558,13.355034899999998
2,BT,710,6310,-161.53209495454544,56.88294944545455,310.50197609090907,16.079356636363634
2,BT,710,6320,-161.5250347818182,56.9743147,316.002382,23.056660272727274
2,BT,710,6330,-161.5178603090909,57.065746,321.502066,26.648505363636364
2,BT,710,6340,-161.51336995714286,57.140676271428575,326.00248342857145,85.51101157142857
2,SS1,710,6220,-161.5892598625,56.0884775125,262.75391425,0
2,SS1,710,6230,-161.58374768181818,56.16748878181818,267.50311027272727,21.781483636363635
2,SS1,710,6240,-161.57705377272728,56.25899961818182,273.00251036363636,85.85543872727273
2,SS1,710,6250,-161.57059433999999,56.34639842,278.2514956,89.4271383
2,SS1,710,6260,-161.56372682727272,56.43387799090909,283.50184172727273,40.986594545454544
2,SS1,710,6270,-161.55746727272728,56.52541557272727,289.0018852727273,139.51595381818183
2,SS1,710,6280,-161.55128693636362,56.61695428181818,294.50260272727274,280.1134137272727
2,SS1,710,6290,-161.54412453636363,56.70840269090909,300.00159254545457,13.313813818181819
2,SS1,710,6300,-161.53782842,56.79560892,305.2516558,9.7907555
2,SS1,710,6310,-161.53209495454544,56.88294944545455,310.50197609090907,43.66401609090909
2,SS1,710,6320,-161.5250347818182,56.9743147,316.002382,16.723408818181817
2,SS1,710,6330,-161.5178603090909,57.065746,321.502066,29.169439272727274
2,SS1,710,6340,-161.51336995714286,57.140676271428575,326.00248342857145,46.25127585714286
2,SS2,710,6220,-161.5892598625,56.0884775125,262.75391425,0
2,SS2,710,6230,-161.58374768181818,56.16748878181818,267.50311027272727,0
2,SS2,710,6240,-161.57705377272728,56.25899961818182,273.00251036363636,0
2,SS2,710,6250,-161.57059433999999,56.34639842,278.2514956,0
2,SS2,710,6260,-161.56372682727272,56.43387799090909,283.50184172727273,0
2,SS2,710,6270,-161.55746727272728,56.52541557272727,289.0018852727273,0
2,SS2,710,6280,-161.55128693636362,56.61695428181818,294.50260272727274,0
2,SS2,710,6290,-161.54412453636363,56.70840269090909,300.00159254545457,0
2,SS2,710,6300,-161.53782842,56.79560892,305.2516558,0
2,SS2,710,6310,-161.53209495454544,56.88294944545455,310.50197609090907,0
2,SS2,710,6320,-161.5250347818182,56.9743147,316.002382,0
2,SS2,710,6330,-161.5178603090909,57.065746,321.502066,0
2,SS2,710,6340,-161.51336995714286,57.140676271428575,326.00248342857145,0
4,BT,640,6150,-162.8240329,55.51211633333333,500.00303633333334,80.56141933333333
4,BT,640,6160,-162.82122917,55.56633223,496.7531043,24.0380134
4,BT,640,6170,-162.81653903636365,55.65380977272727,491.50192563636364,401.72121454545453
4,BT,640,6180,-162.81171858181818,55.74550908181818,486.0016982727273,260.29582045454544
4,BT,640,6190,-162.806963475,55.836177291666665,477.6278203333333,128.53531475
4,BT,640,6200,-162.80250383333333,55.924979625,452.50208783333335,6.359598583333333
4,BT,640,6210,-162.79719994545454,56.01822286363636,441.00224027272725,1.5365466363636364
4,BT,640,6220,-162.79309317,56.105671199999996,435.7513949,3.287032
4,BT,640,6230,-162.78847902727273,56.193092527272725,430.50290745454544,12.215264818181817
4,BT,640,6240,-162.78379556363637,56.284832936363635,425.0018491818182,20.984707272727274
4,BT,640,6250,-162.77906763636364,56.3764401,419.5016095454545,147.38812154545454
4,BT,640,6260,-162.77469272,56.46373641,414.251726,122.3152396
4,BT,640,6270,-162.769993225,56.552021483333334,406.710469,32.815962500000005
4,BT,640,6280,-162.76492064545454,56.64542521818182,399.501309,3.9304915454545455
4,BT,640,6290,-162.76077021818182,56.73697811818182,394.0019532727273,27.076143454545456
4,BT,640,6300,-162.7557956,56.82426796,388.7519117,4.9532164
4,BT,640,6310,-162.75082424545454,56.911410654545456,383.5023136363636,18.110779272727275
4,BT,640,6320,-162.74692020909092,57.00257244545455,378.001844,44.744322272727274
4,BT,640,6330,-162.74164617272726,57.09392152727273,372.50193345454545,20.37177018181818
4,BT,640,6340,-162.73895887499998,57.156181875,368.75231525,16.764866
4,SS1,640,6150,-162.8240329,55.51211633333333,500.00303633333334,15.206072333333333
4,SS1,640,6160,-162.82122917,55.56633223,496.7531043,1.0990119
4,SS1,640,6170,-162.81653903636365,55.65380977272727,491.50192563636364,36.50294690909091
4,SS1,640,6180,-162.81171858181818,55.74550908181818,486.0016982727273,69.70325672727273
4,SS1,640,6190,-162.806963475,55.836177291666665,477.6278203333333,429.81069325
4,SS1,640,6200,-162.80250383333333,55.924979625,452.50208783333335,119.62834325
4,SS1,640,6210,-162.79719994545454,56.01822286363636,441.00224027272725,101.19622918181818
4,SS1,640,6220,-162.79309317,56.105671199999996,435.7513949,92.00796729999999
4,SS1,640,6230,-162.78847902727273,56.193092527272725,430.50290745454544,240.90310063636363
4,SS1,640,6240,-162.78379556363637,56.284832936363635,425.0018491818182,332.6342679090909
4,SS1,640,6250,-162.77906763636364,56.3764401,419.5016095454545,70.270531
4,SS1,640,6260,-162.77469272,56.46373641,414.251726,136.0345915
4,SS1,640,6270,-162.769993225,56.552021483333334,406.710469,30.34976225
4,SS1,640,6280,-162.76492064545454,56.64542521818182,399.501309,9.810678727272727
4,SS1,640,6290,-162.76077021818182,56.73697811818182,394.0019532727273,19.60903190909091
4,SS1,640,6300,-162.7557956,56.82426796,388.7519117,49.5892877
4,SS1,640,6310,-162.75082424545454,56.911410654545456,383.5023136363636,78.91275254545455
4,SS1,640,6320,-162.74692020909092,57.00257244545455,378.001844,74.33284118181818
4,SS1,640,6330,-162.74164617272726,57.09392152727273,372.50193345454545,33.869643181818184
4,SS1,640,6340,-162.73895887499998,57.156181875,368.75231525,7.2303675
4,SS2,640,6150,-162.8240329,55.51211633333333,500.00303633333334,0
4,SS2,640,6160,-162.82122917,55.56633223,496.7531043,0
4,SS2,640,6170,-162.81653903636365,55.65380977272727,491.50192563636364,0
4,SS2,640,6180,-162.81171858181818,55.74550908181818,486.0016982727273,0
4,SS2,640,6190,-162.806963475,55.836177291666665,477.6278203333333,0
4,SS2,640,6200,-162.80250383333333,55.924979625,452.50208783333335,0
4,SS2,640,6210,-162.79719994545454,56.01822286363636,441.00224027272725,0
4,SS2,640,6220,-162.79309317,56.105671199999996,435.7513949,0
4,SS2,640,6230,-162.78847902727273,56.193092527272725,430.50290745454544,0
4,SS2,640,6240,-162.78379556363637,56.284832936363635,425.0018491818182,0
4,SS2,640,6250,-162.77906763636364,56.3764401,419.5016095454545,0
4,SS2,640,6260,-162.77469272,56.46373641,414.251726,0
4,SS2,640,6270,-162.769993225,56.552021483333334,406.710469,0
4,SS2,640,6280,-162.76492064545454,56.64542521818182,399.501309,0
4,SS2,640,6290,-162.76077021818182,56.73697811818182,394.0019532727273,0
4,SS2,640,6300,-162.7557956,56.82426796,388.7519117,0
4,SS2,640,6310,-162.75082424545454,56.911410654545456,383.5023136363636,0
4,SS2,640,6320,-162.74692020909092,57.00257244545455,378.001844,0
4,SS2,640,6330,-162.74164617272726,57.09392152727273,372.50193345454545,0
4,SS2,640,6340,-162.73895887499998,57.156181875,368.75231525,0
6,BT,560,6100,-163.9875664,55.0806928,552.500505,50.481287
6,BT,560,6110,-163.98895275454547,55.13063156363636,555.502257,36.07238209090909
6,BT,560,6120,-163.98818314545454,55.222351563636366,561.0021661818182,52.680164272727275
6,BT,560,6130,-163.98684457272728,55.31406984545455,566.502807,47.16096672727273
6,BT,560,6140,-163.98685101,55.4014555,571.7525093,271.61328100000003
6,BT,560,6150,-163.98589968333334,55.491555041666665,588.5019154166666,382.63618916666667
6,BT,560,6160,-163.98484942,55.5811814,609.7533844,130.0985436
6,BT,560,6170,-163.9840999,55.6686717,615.003376,18.45657190909091
6,BT,560,6180,-163.98325059090908,55.760331390909094,620.5030183636363,10.401778454545454
6,BT,560,6190,-163.9817867818182,55.85196160909091,626.0029827272728,9.2699525454545455
6,BT,560,6200,-163.98168614545455,55.941893581818185,636.8197586363636,7.880388090909091
6,BT,560,6210,-163.98060126363637,56.02939457272727,656.5016615454546,12.980361272727272
6,BT,560,6220,-163.9802134,56.121097818181816,662.0018670909091,15.930924272727273
6,BT,560,6230,-163.97904120909092,56.212784263636365,667.5019399090909,7.650600272727273
6,BT,560,6240,-163.97918052,56.30013025,672.7522897,24.0344282
6,BT,560,6250,-163.97784018181818,56.38761180909091,678.0018407272727,8.750914727272727
6,BT,560,6260,-163.97861638181817,56.479418663636366,683.5022247272727,11.14922
6,BT,560,6270,-163.97773026363637,56.57120089090909,689.0019626363636,17.045470272727272
6,BT,560,6280,-163.9744877,56.66289791818182,694.5018375454546,18.413600818181816
6,BT,560,6290,-163.97385493000002,56.750254580000004,699.7516224999999,39.3117232
6,BT,560,6300,-163.97394825833334,56.83871106666667,706.0849971666667,55.949298416666664
6,BT,560,6310,-163.97264911666667,56.93017140833334,714.7513583333333,80.30553316666666
6,BT,560,6320,-163.97095506,57.019471519999996,721.2519166,43.5433149
6,BT,560,6330,-163.97180919090908,57.10693975454546,726.5019479090909,23.165014727272727
6,BT,560,6340,-163.97167324999998,57.1610989,729.7529609999999,17.151649499999998
6,SS1,560,6100,-163.9875664,55.0806928,552.500505,0
6,SS1,560,6110,-163.98895275454547,55.13063156363636,555.502257,0
6,SS1,560,6120,-163.98818314545454,55.222351563636366,561.0021661818182,66.48446845454545
6,SS1,560,6130,-163.98684457272728,55.31406984545455,566.502807,179.30887709090908
6,SS1,560,6140,-163.98685101,55.4014555,571.7525093,189.7107939
6,SS1,560,6150,-163.98589968333334,55.491555041666665,588.5019154166666,1093.38245175
6,SS1,560,6160,-163.98484942,55.5811814,609.7533844,1009.5914361
6,SS1,560,6170,-163.9840999,55.6686717,615.003376,187.01770645454545
6,SS1,560,6180,-163.98325059090908,55.760331390909094,620.5030183636363,160.9905169090909
6,SS1,560,6190,-163.9817867818182,55.85196160909091,626.0029827272728,523.9935429090909
6,SS1,560,6200,-163.98168614545455,55.941893581818185,636.8197586363636,506.6848100909091
6,SS1,560,6210,-163.98060126363637,56.02939457272727,656.5016615454546,250.62575927272727
6,SS1,560,6220,-163.9802134,56.121097818181816,662.0018670909091,278.17704072727275
6,SS1,560,6230,-163.97904120909092,56.212784263636365,667.5019399090909,173.08266345454544
6,SS1,560,6240,-163.97918052,56.30013025,672.7522897,143.741475
6,SS1,560,6250,-163.97784018181818,56.38761180909091,678.0018407272727,111.2971730909091
6,SS1,560,6260,-163.97861638181817,56.479418663636366,683.5022247272727,60.730387
6,SS1,560,6270,-163.97773026363637,56.57120089090909,689.0019626363636,22.39084427272727
6,SS1,560,6280,-163.9744877,56.66289791818182,694.5018375454546,26.529693636363636
6,SS1,560,6290,-163.97385493000002,56.750254580000004,699.7516224999999,83.2491141
6,SS1,560,6300,-163.97394825833334,56.83871106666667,706.0849971666667,101.46959316666667
6,SS1,560,6310,-163.97264911666667,56.93017140833334,714.7513583333333,52.58653333333333
6,SS1,560,6320,-163.97095506,57.019471519999996,721.2519166,24.8420656
6,SS1,560,6330,-163.97180919090908,57.10693975454546,726.5019479090909,6.9279909090909095
6,SS1,560,6340,-163.97167324999998,57.1610989,729.7529609999999,11.969664999999999
6,SS2,560,6100,-163.9875664,55.0806928,552.500505,0
6,SS2,560,6110,-163.98895275454547,55.13063156363636,555.502257,0
6,SS2,560,6120,-163.98818314545454,55.222351563636366,561.0021661818182,0
6,SS2,560,6130,-163.98684457272728,55.31406984545455,566.502807,0
6,SS2,560,6140,-163.98685101,55.4014555,571.7525093,0
6,SS2,560,6150,-163.98589968333334,55.491555041666665,588.5019154166666,0
6,SS2,560,6160,-163.98484942,55.5811814,609.7533844,0
6,SS2,560,6170,-163.9840999,55.6686717,615.003376,0
6,SS2,560,6180,-163.98325059090908,55.760331390909094,620.5030183636363,0
6,SS2,560,6190,-163.9817867818182,55.85196160909091,626.0029827272728,0
6,SS2,560,6200,-163.98168614545455,55.941893581818185,636.8197586363636,0
6,SS2,560,6210,-163.98060126363637,56.02939457272727,656.5016615454546,0
6,SS2,560,6220,-163.9802134,56.121097818181816,662.0018670909091,0
6,SS2,560,6230,-163.97904120909092,56.212784263636365,667.5019399090909,0
6,SS2,560,6240,-163.97918052,56.30013025,672.7522897,0
6,SS2,560,6250,-163.97784018181818,56.38761180909091,678.0018407272727,0
6,SS2,560,6260,-163.97861638181817,56.479418663636366,683.5022247272727,0
6,SS2,560,6270,-163.97773026363637,56.57120089090909,689.0019626363636,0
6,SS2,560,6280,-163.9744877,56.66289791818182,694.5018375454546,0
6,SS2,560,6290,-163.97385493000002,56.750254580000004,699.7516224999999,0
6,SS2,560,6300,-163.97394825833334,56.83871106666667,706.0849971666667,0
6,SS2,560,6310,-163.97264911666667,56.93017140833334,714.7513583333333,0
6,SS2,560,6320,-163.97095506,57.019471519999996,721.2519166,0
6,SS2,560,6330,-163.97180919090908,57.10693975454546,726.5019479090909,0
6,SS2,560,6340,-163.97167324999998,57.1610989,729.7529609999999,0
8,BT,490,6010,-165.120163325,54.269510175,1126.752223,105.48836675000001
8,BT,490,6020,-165.12173504,54.327802,1123.253272,53.935193999999996
8,BT,490,6030,-165.12470030833333,54.41689035,1045.7521945833332,88.21968783333332
8,BT,490,6040,-165.12813185,54.50754061,1016.2515821,44.4418724
8,BT,490,6050,-165.1298483,54.59508866363636,1011.0009179090908,546.9992983636364
8,BT,490,6060,-165.13193043636363,54.686736736363635,1005.5025848181818,456.10462236363634
8,BT,490,6070,-165.1343493090909,54.77837260909091,1000.0015476363636,132.51195954545454
8,BT,490,6080,-165.13717543636363,54.869953327272725,994.5014940909091,111.39364681818182
8,BT,490,6090,-165.13904051818182,54.959323872727275,985.1836913636364,100.3716970909091
8,BT,490,6100,-165.14279909090908,55.04482041818182,969.5015875454545,77.02914509090908
8,BT,490,6110,-165.14397,55.13599291818182,964.0014980909091,40.25706036363636
8,BT,490,6120,-165.1476720090909,55.227454336363635,958.5030343636364,31.408231636363638
8,BT,490,6130,-165.15050913636364,55.319033227272726,953.0022105454545,49.639500636363636
8,BT,490,6140,-165.15170724,55.40640102,947.7525803999999,34.088750399999995
8,BT,490,6150,-165.15592157272727,55.49382258181818,942.5014286363636,25.287875454545453
8,BT,490,6160,-165.15810705454547,55.58531563636364,937.0030001818182,25.25360618181818
8,BT,490,6170,-165.1576476909091,55.67679188181818,931.5026764545455,26.021376272727274
8,BT,490,6180,-165.1622564181818,55.768411436363635,926.0022016363637,74.39502472727273
8,BT,490,6190,-165.16581461818183,55.85926305454545,915.0931724545454,41.481232818181816
8,BT,490,6200,-165.1674188,55.94297783636364,855.501553090909,9.174667545454545
8,BT,490,6210,-165.17000373636364,56.03454133636364,850.0017818181818,9.741651000000001
8,BT,490,6220,-165.17264842727272,56.12618574545454,844.5015267272728,5.338991909090909
8,BT,490,6230,-165.17520587272728,56.217834636363634,839.0018529090909,2.7824297272727274
8,BT,490,6240,-165.17775667,56.30534921,833.7524328,10.098059600000001
8,BT,490,6250,-165.18038182727273,56.392791918181814,828.5017641818182,9.851057272727273
8,BT,490,6260,-165.1830694090909,56.484330063636364,823.0021733636363,6.130675272727272
8,BT,490,6270,-165.18554485454547,56.57594072727273,817.5018840909091,6.360443363636364
8,BT,490,6280,-165.18908,56.66343279,812.2515103,29.500528
8,BT,490,6290,-165.19030261818182,56.75090720909091,807.0022162727273,30.40561718181818
8,BT,490,6300,-165.1927199909091,56.842500654545454,801.5012786363636,47.33652345454546
8,BT,490,6310,-165.1971056090909,56.93400573636364,796.0022967272727,76.38161227272727
8,BT,490,6320,-165.19901421818182,57.025579854545455,790.5021314545454,36.67845490909091
8,BT,490,6330,-165.2017506,57.11291152,785.2518315,59.0977994
8,BT,490,6340,-165.20219307272728,57.200162218181816,780.0016377272727,54.05386209090909
8,BT,490,6350,-165.20681125000002,57.294977808333336,774.2511708333334,188.30751933333332
8,SS1,490,6010,-165.120163325,54.269510175,1126.752223,377.08208575
8,SS1,490,6020,-165.12173504,54.327802,1123.253272,172.4516696
8,SS1,490,6030,-165.12470030833333,54.41689035,1045.7521945833332,447.57812475
8,SS1,490,6040,-165.12813185,54.50754061,1016.2515821,400.1744948
8,SS1,490,6050,-165.1298483,54.59508866363636,1011.0009179090908,3232.8564197272726
8,SS1,490,6060,-165.13193043636363,54.686736736363635,1005.5025848181818,5581.755013545455
8,SS1,490,6070,-165.1343493090909,54.77837260909091,1000.0015476363636,1683.4160562727272
8,SS1,490,6080,-165.13717543636363,54.869953327272725,994.5014940909091,698.8872583636363
8,SS1,490,6090,-165.13904051818182,54.959323872727275,985.1836913636364,518.5429234545454
8,SS1,490,6100,-165.14279909090908,55.04482041818182,969.5015875454545,1656.0439500909092
8,SS1,490,6110,-165.14397,55.13599291818182,964.0014980909091,623.2203903636364
8,SS1,490,6120,-165.1476720090909,55.227454336363635,958.5030343636364,248.71830327272727
8,SS1,490,6130,-165.15050913636364,55.319033227272726,953.0022105454545,595.6695075454545
8,SS1,490,6140,-165.15170724,55.40640102,947.7525803999999,326.2630838
8,SS1,490,6150,-165.15592157272727,55.49382258181818,942.5014286363636,338.2850665454545
8,SS1,490,6160,-165.15810705454547,55.58531563636364,937.0030001818182,118.54844481818182
8,SS1,490,6170,-165.1576476909091,55.67679188181818,931.5026764545455,399.50306936363637
8,SS1,490,6180,-165.1622564181818,55.768411436363635,926.0022016363637,216.1594998181818
8,SS1,490,6190,-165.16581461818183,55.85926305454545,915.0931724545454,183.90446754545457
8,SS1,490,6200,-165.1674188,55.94297783636364,855.501553090909,831.3067245454546
8,SS1,490,6210,-165.17000373636364,56.03454133636364,850.0017818181818,402.5880298181818
8,SS1,490,6220,-165.17264842727272,56.12618574545454,844.5015267272728,1342.2858407272727
8,SS1,490,6230,-165.17520587272728,56.217834636363634,839.0018529090909,979.2733716363637
8,SS1,490,6240,-165.17775667,56.30534921,833.7524328,1127.4521878
8,SS1,490,6250,-165.18038182727273,56.392791918181814,828.5017641818182,607.6126141818182
8,SS1,490,6260,-165.1830694090909,56.484330063636364,823.0021733636363,177.54680672727272
8,SS1,490,6270,-165.18554485454547,56.57594072727273,817.5018840909091,69.09855454545455
8,SS1,490,6280,-165.18908,56.66343279,812.2515103,65.9110347
8,SS1,490,6290,-165.19030261818182,56.75090720909091,807.0022162727273,9.530031818181818
8,SS1,490,6300,-165.1927199909091,56.842500654545454,801.5012786363636,13.138304
8,SS1,490,6310,-165.1971056090909,56.93400573636364,796.0022967272727,58.29147527272727
8,SS1,490,6320,-165.19901421818182,57.025579854545455,790.5021314545454,71.05685718181819
8,SS1,490,6330,-165.2017506,57.11291152,785.2518315,21.095223
8,SS1,490,6340,-165.20219307272728,57.200162218181816,780.0016377272727,29.096917454545455
8,SS1,490,6350,-165.20681125000002,57.294977808333336,774.2511708333334,53.183255083333336
8,SS2,490,6010,-165.120163325,54.269510175,1126.752223,0
8,SS2,490,6020,-165.12173504,54.327802,1123.253272,0
8,SS2,490,6030,-165.12470030833333,54.41689035,1045.7521945833332,0
8,SS2,490,6040,-165.12813185,54.50754061,1016.2515821,0
8,SS2,490,6050,-165.1298483,54.59508866363636,1011.0009179090908,0
8,SS2,490,6060,-165.13193043636363,54.686736736363635,1005.5025848181818,0
8,SS2,490,6070,-165.1343493090909,54.77837260909091,1000.0015476363636,0
8,SS2,490,6080,-165.13717543636363,54.869953327272725,994.5014940909091,0
8,SS2,490,6090,-165.13904051818182,54.959323872727275,985.1836913636364,0
8,SS2,490,6100,-165.14279909090908,55.04482041818182,969.5015875454545,0
8,SS2,490,6110,-165.14397,55.13599291818182,964.0014980909091,0
8,SS2,490,6120,-165.1476720090909,55.227454336363635,958.5030343636364,0
8,SS2,490,6130,-165.15050913636364,55.319033227272726,953.0022105454545,0
8,SS2,490,6140,-165.15170724,55.40640102,947.7525803999999,0
8,SS2,490,6150,-165.15592157272727,55.49382258181818,942.5014286363636,0
8,SS2,490,6160,-165.15810705454547,55.58531563636364,937.0030001818182,0
8,SS2,490,6170,-165.1576476909091,55.67679188181818,931.5026764545455,0
8,SS2,490,6180,-165.1622564181818,55.768411436363635,926.0022016363637,0
8,SS2,490,6190,-165.16581461818183,55.85926305454545,915.0931724545454,0
8,SS2,490,6200,-165.1674188,55.94297783636364,855.501553090909,0
8,SS2,490,6210,-165.17000373636364,56.03454133636364,850.0017818181818,0
8,SS2,490,6220,-165.17264842727272,56.12618574545454,844.5015267272728,0
8,SS2,490,6230,-165.17520587272728,56.217834636363634,839.0018529090909,0
8,SS2,490,6240,-165.17775667,56.30534921,833.7524328,0
8,SS2,490,6250,-165.18038182727273,56.392791918181814,828.5017641818182,0
8,SS2,490,6260,-165.1830694090909,56.484330063636364,823.0021733636363,0
8,SS2,490,6270,-165.18554485454547,56.57594072727273,817.5018840909091,0
8,SS2,490,6280,-165.18908,56.66343279,812.2515103,0
8,SS2,490,6290,-165.19030261818182,56.75090720909091,807.0022162727273,0
8,SS2,490,6300,-165.1927199909091,56.842500654545454,801.5012786363636,0
8,SS2,490,6310,-165.1971056090909,56.93400573636364,796.0022967272727,0
8,SS2,490,6320,-165.19901421818182,57.025579854545455,790.5021314545454,0
8,SS2,490,6330,-165.2017506,57.11291152,785.2518315,0
8,SS2,490,6340,-165.20219307272728,57.200162218181816,780.0016377272727,0
8,SS2,490,6350,-165.20681125000002,57.294977808333336,774.2511708333334,0
10,BT,410,6160,-166.35080468888887,55.58906607777778,1311.0021091111112,2.485681444444445
10,BT,410,6170,-166.35499177,55.66802547,1315.7527553,0.3979416
10,BT,410,6180,-166.3585067090909,55.7553338,1321.001777,0.6356924545454545
10,BT,410,6190,-166.3639524181818,55.84679810909091,1326.5026086363637,14.717262636363635
10,BT,410,6200,-166.3703237727273,55.93825894545454,1332.0021927272728,4.687573181818181
10,BT,410,6210,-166.3736642,56.029862063636365,1337.5010316363637,3.3705700909090908
10,BT,410,6220,-166.37836747,56.11739306,1342.7531589,3.4136071999999995
10,BT,410,6230,-166.3836917181818,56.20486459090909,1348.0025262727272,25.260125636363636
10,BT,410,6240,-166.389016825,56.29056119166667,1363.7523600833333,38.05794983333333
10,BT,410,6250,-166.39449788181818,56.38384107272727,1371.5029818181818,10.589747545454545
10,BT,410,6260,-166.40029476363637,56.4751072,1377.0027843636365,13.90013890909091
10,BT,410,6270,-166.40454059090908,56.56657658181818,1382.5019562727273,17.877139545454547
10,BT,410,6280,-166.41031216666667,56.65327713333333,1399.5020015833334,4.864902
10,BT,410,6290,-166.4150105090909,56.747126063636365,1407.5012336363636,3.8353856363636365
10,BT,410,6300,-166.42045340909092,56.83880066363636,1413.001931818182,5.568179909090909
10,BT,410,6310,-166.42511881000001,56.92623345,1418.251439,16.6746637
10,BT,410,6320,-166.4304540090909,57.013454509090906,1423.5033337272728,9.70553390909091
10,BT,410,6330,-166.43541887272727,57.10337623636364,1439.637766,23.056872363636362
10,BT,410,6340,-166.43976810909092,57.19383970909091,1454.0016634545455,23.719316727272727
10,BT,410,6350,-166.4460271,57.28546019090909,1459.5016927272727,27.47669354545455
10,BT,410,6360,-166.45121662727271,57.377026018181816,1465.0018268181818,88.25386772727272
10,BT,410,6370,-166.45625272,57.46450672,1470.2515022,256.3264045
10,BT,410,6380,-166.46152424545454,57.55209300909091,1475.5018007272727,225.0031710909091
10,BT,410,6390,-166.4679603818182,57.64383963636364,1481.0016087272727,143.6897181818182
10,BT,410,6400,-166.47125786666666,57.70224626666667,1484.5025846666667,141.861712
10,BT,420,5990,-166.2706614,54.096185,1185.000231,0.24476
10,BT,420,6000,-166.27106642,54.14193713,1187.7518837,13.8035675
10,BT,420,6010,-166.27595948181818,54.22923410909091,1193.00266,13.666991727272727
10,BT,420,6020,-166.280511,54.32076975454545,1198.5030787272729,12.455468909090909
10,BT,420,6030,-166.2848088,54.41234562727273,1204.0044837272728,3.094915
10,BT,420,6040,-166.28963995454546,54.50388945454545,1209.5045116363635,0.7151806363636364
10,BT,420,6050,-166.29503832727272,54.59236013636364,1217.9135142727273,1.7497705454545456
10,BT,420,6060,-166.3004755,54.68276363636364,1224.5037750909091,12.165975727272727
10,BT,420,6070,-166.30519151818183,54.77375531818182,1232.7301654545454,3.4058503636363637
10,BT,420,6080,-166.30976773333333,54.85717619166667,1262.8779025833333,6.84155125
10,BT,420,6090,-166.31454724545455,54.94790371818182,1272.5024843636363,8.949871636363635
10,BT,420,6100,-166.31815887272728,55.03952879090909,1278.0021461818183,3.560305
10,BT,420,6110,-166.32467690000001,55.13107407272727,1283.5024563636364,3.3358120909090907
10,BT,420,6120,-166.32905872999999,55.2185894,1288.7521814000002,1.1678941
10,BT,420,6130,-166.3354777,55.30616658181818,1294.0032885454546,13.200298272727272
10,BT,420,6140,-166.33861912727272,55.39778452727273,1299.5014156363636,1.0870556363636361
10,BT,420,6150,-166.34324057272727,55.48931868181818,1305.0037182727272,2.477026
10,BT,420,6160,-166.3468497,55.54333545,1308.2511195000002,0.0493275
10,SS1,410,6160,-166.35080468888887,55.58906607777778,1311.0021091111112,209.92721088888888
10,SS1,410,6170,-166.35499177,55.66802547,1315.7527553,196.3347739
10,SS1,410,6180,-166.3585067090909,55.7553338,1321.001777,81.62245163636364
10,SS1,410,6190,-166.3639524181818,55.84679810909091,1326.5026086363637,61.749887909090916
10,SS1,410,6200,-166.3703237727273,55.93825894545454,1332.0021927272728,352.8985679090909
10,SS1,410,6210,-166.3736642,56.029862063636365,1337.5010316363637,35.53330727272727
10,SS1,410,6220,-166.37836747,56.11739306,1342.7531589,36.5264051
10,SS1,410,6230,-166.3836917181818,56.20486459090909,1348.0025262727272,1117.4138854545454
10,SS1,410,6240,-166.389016825,56.29056119166667,1363.7523600833333,588.1939403333333
10,SS1,410,6250,-166.39449788181818,56.38384107272727,1371.5029818181818,489.7895930909091
10,SS1,410,6260,-166.40029476363637,56.4751072,1377.0027843636365,665.0508454545454
10,SS1,410,6270,-166.40454059090908,56.56657658181818,1382.5019562727273,684.4132885454545
10,SS1,410,6280,-166.41031216666667,56.65327713333333,1399.5020015833334,475.8515775833333
10,SS1,410,6290,-166.4150105090909,56.747126063636365,1407.5012336363636,170.165304
10,SS1,410,6300,-166.42045340909092,56.83880066363636,1413.001931818182,60.26994418181818
10,SS1,410,6310,-166.42511881000001,56.92623345,1418.251439,48.276432
10,SS1,410,6320,-166.4304540090909,57.013454509090906,1423.5033337272728,30.433992727272727
10,SS1,410,6330,-166.43541887272727,57.10337623636364,1439.637766,12.746879363636364
10,SS1,410,6340,-166.43976810909092,57.19383970909091,1454.0016634545455,13.801435909090909
10,SS1,410,6350,-166.4460271,57.28546019090909,1459.5016927272727,35.76374418181818
10,SS1,410,6360,-166.45121662727271,57.377026018181816,1465.0018268181818,35.49317090909091
10,SS1,410,6370,-166.45625272,57.46450672,1470.2515022,72.3357431
10,SS1,410,6380,-166.46152424545454,57.55209300909091,1475.5018007272727,57.769231181818185
10,SS1,410,6390,-166.4679603818182,57.64383963636364,1481.0016087272727,80.76522936363637
10,SS1,410,6400,-166.47125786666666,57.70224626666667,1484.5025846666667,54.322112000000004
10,SS1,420,5990,-166.2706614,54.096185,1185.000231,0.12793
10,SS1,420,6000,-166.27106642,54.14193713,1187.7518837,81.4098821
10,SS1,420,6010,-166.27595948181818,54.22923410909091,1193.00266,41.60782936363636
10,SS1,420,6020,-166.280511,54.32076975454545,1198.5030787272729,5.6071694545454545
10,SS1,420,6030,-166.2848088,54.41234562727273,1204.0044837272728,4.822146727272727
10,SS1,420,6040,-166.28963995454546,54.50388945454545,1209.5045116363635,3.746807181818182
10,SS1,420,6050,-166.29503832727272,54.59236013636364,1217.9135142727273,8.330491363636364
10,SS1,420,6060,-166.3004755,54.68276363636364,1224.5037750909091,12.046069181818183
10,SS1,420,6070,-166.30519151818183,54.77375531818182,1232.7301654545454,13.287282909090909
10,SS1,420,6080,-166.30976773333333,54.85717619166667,1262.8779025833333,194.455347
10,SS1,420,6090,-166.31454724545455,54.94790371818182,1272.5024843636363,276.2983379090909
10,SS1,420,6100,-166.31815887272728,55.03952879090909,1278.0021461818183,330.9775868181818
10,SS1,420,6110,-166.32467690000001,55.13107407272727,1283.5024563636364,196.055824
10,SS1,420,6120,-166.32905872999999,55.2185894,1288.7521814000002,197.3654525
10,SS1,420,6130,-166.3354777,55.30616658181818,1294.0032885454546,210.14188372727273
10,SS1,420,6140,-166.33861912727272,55.39778452727273,1299.5014156363636,140.99296636363636
10,SS1,420,6150,-166.34324057272727,55.48931868181818,1305.0037182727272,47.61773654545454
10,SS1,420,6160,-166.3468497,55.54333545,1308.2511195000002,230.7492225
10,SS2,410,6160,-166.35080468888887,55.58906607777778,1311.0021091111112,0
10,SS2,410,6170,-166.35499177,55.66802547,1315.7527553,0
10,SS2,410,6180,-166.3585067090909,55.7553338,1321.001777,0
10,SS2,410,6190,-166.3639524181818,55.84679810909091,1326.5026086363637,0
10,SS2,410,6200,-166.3703237727273,55.93825894545454,1332.0021927272728,0
10,SS2,410,6210,-166.3736642,56.029862063636365,1337.5010316363637,0
10,SS2,410,6220,-166.37836747,56.11739306,1342.7531589,0
10,SS2,410,6230,-166.3836917181818,56.20486459090909,1348.0025262727272,0
10,SS2,410,6240,-166.389016825,56.29056119166667,1363.7523600833333,0
10,SS2,410,6250,-166.39449788181818,56.38384107272727,1371.5029818181818,0
10,SS2,410,6260,-166.40029476363637,56.4751072,1377.0027843636365,0
10,SS2,410,6270,-166.40454059090908,56.56657658181818,1382.5019562727273,0
10,SS2,410,6280,-166.41031216666667,56.65327713333333,1399.5020015833334,0
10,SS2,410,6290,-166.4150105090909,56.747126063636365,1407.5012336363636,0
10,SS2,410,6300,-166.42045340909092,56.83880066363636,1413.001931818182,0
10,SS2,410,6310,-166.42511881000001,56.92623345,1418.251439,0
10,SS2,410,6320,-166.4304540090909,57.013454509090906,1423.5033337272728,0
10,SS2,410,6330,-166.43541887272727,57.10337623636364,1439.637766,0
10,SS2,410,6340,-166.43976810909092,57.19383970909091,1454.0016634545455,0
10,SS2,410,6350,-166.4460271,57.28546019090909,1459.5016927272727,0
10,SS2,410,6360,-166.45121662727271,57.377026018181816,1465.0018268181818,0
10,SS2,410,6370,-166.45625272,57.46450672,1470.2515022,0
10,SS2,410,6380,-166.46152424545454,57.55209300909091,1475.5018007272727,0
10,SS2,410,6390,-166.4679603818182,57.64383963636364,1481.0016087272727,0
10,SS2,410,6400,-166.47125786666666,57.70224626666667,1484.5025846666667,0
10,SS2,420,5990,-166.2706614,54.096185,1185.000231,0
10,SS2,420,6000,-166.27106642,54.14193713,1187.7518837,0
10,SS2,420,6010,-166.27595948181818,54.22923410909091,1193.00266,0
10,SS2,420,6020,-166.280511,54.32076975454545,1198.5030787272729,0
10,SS2,420,6030,-166.2848088,54.41234562727273,1204.0044837272728,0
10,SS2,420,6040,-166.28963995454546,54.50388945454545,1209.5045116363635,0
10,SS2,420,6050,-166.29503832727272,54.59236013636364,1217.9135142727273,0
10,SS2,420,6060,-166.3004755,54.68276363636364,1224.5037750909091,0
10,SS2,420,6070,-166.30519151818183,54.77375531818182,1232.7301654545454,0
10,SS2,420,6080,-166.30976773333333,54.85717619166667,1262.8779025833333,0
10,SS2,420,6090,-166.31454724545455,54.94790371818182,1272.5024843636363,0
10,SS2,420,6100,-166.31815887272728,55.03952879090909,1278.0021461818183,0
10,SS2,420,6110,-166.32467690000001,55.13107407272727,1283.5024563636364,0
10,SS2,420,6120,-166.32905872999999,55.2185894,1288.7521814000002,0
10,SS2,420,6130,-166.3354777,55.30616658181818,1294.0032885454546,0
10,SS2,420,6140,-166.33861912727272,55.39778452727273,1299.5014156363636,0
10,SS2,420,6150,-166.34324057272727,55.48931868181818,1305.0037182727272,0
10,SS2,420,6160,-166.3468497,55.54333545,1308.2511195000002,0
12,BT,340,6080,-167.48310943333334,54.8760724,1825.0053086666667,0.11497066666666667
12,BT,340,6090,-167.48852317272727,54.934293090909094,1821.503608,0.22317054545454545
12,BT,340,6100,-167.49546668,55.02152043,1816.2527662,3.1645575999999997
12,BT,340,6110,-167.50321008181817,55.10878033636364,1811.002680818182,14.464962272727272
12,BT,340,6120,-167.5109976818182,55.200374690909086,1805.5029762727272,6.420973909090909
12,BT,340,6130,-167.5190453,55.291949136363634,1800.002830909091,0.920170909090909
12,BT,340,6140,-167.52716194,55.379326219999996,1794.7519244,0.525822
12,BT,340,6150,-167.53454661818182,55.46665285454545,1789.502369,0.14120018181818184
12,BT,340,6160,-167.5425986909091,55.55809582727273,1784.0021954545455,0.1876682727272727
12,BT,340,6170,-167.550513,55.64953808181818,1778.502676909091,0.20627245454545456
12,BT,340,6180,-167.5596711090909,55.74094894545455,1773.0025146363637,0.20328927272727274
12,BT,340,6190,-167.5671423,55.82811023,1767.75317,1.8678997
12,BT,340,6200,-167.57472356363635,55.915261436363636,1762.503291,1.0438284545454546
12,BT,340,6210,-167.582580125,56.010494466666664,1755.5027345,0.53389575
12,BT,340,6220,-167.5898852,56.09473129090909,1737.866293,0.25020309090909093
12,BT,340,6230,-167.59921236363635,56.18589544545455,1731.003122181818,5.689828909090909
12,BT,340,6240,-167.60663381818182,56.277319036363636,1725.5031127272728,3.676781
12,BT,340,6250,-167.61455774545453,56.36866052727272,1720.0026695454546,2.3133542727272727
12,BT,340,6260,-167.62252744,56.45594287,1714.7540674,10.5014423
12,BT,340,6270,-167.63022566363637,56.54338073636364,1709.5023941818183,9.152883727272728
12,BT,340,6280,-167.63904275454544,56.634862863636364,1704.0033026363635,3.5037302727272728
12,BT,340,6290,-167.6477602,56.7255582,1675.9561097272726,15.828763818181818
12,BT,340,6300,-167.65538717272727,56.81554400909091,1631.0020832727273,32.22875127272727
12,BT,340,6310,-167.6644611909091,56.90689570909091,1625.5007081818183,53.438351636363635
12,BT,340,6320,-167.67223222,56.99421796,1620.2527996,230.5599394
12,BT,340,6330,-167.6802726,57.081646536363635,1615.002286,170.98080127272726
12,BT,340,6340,-167.68874631666665,57.17425825833333,1603.5018835833334,85.309748
12,BT,340,6350,-167.69753575454544,57.26666843636364,1592.0021722727272,22.69420218181818
12,BT,340,6360,-167.70555126,57.35398818,1586.7513954,27.760003599999997
12,BT,340,6370,-167.71331282727272,57.44121278181818,1581.5027204545454,25.960610454545456
12,BT,340,6380,-167.72223493636363,57.5325263,1576.0015624545454,38.80095081818182
12,BT,340,6390,-167.73114874545456,57.623553063636365,1570.5022217272726,12.951630909090909
12,BT,340,6400,-167.73868232727273,57.71465468181818,1565.001350090909,24.408278090909093
12,BT,340,6410,-167.74729141,57.80183237,1559.7524143,68.7045235
12,BT,340,6420,-167.75574766363636,57.88922151818182,1554.5017962727272,438.35032990909093
12,BT,340,6430,-167.76349982727274,57.98083903636363,1549.0022486363637,261.5560626363636
12,BT,340,6440,-167.77343093636364,58.07227910909091,1543.5014959090909,90.62963145454546
12,BT,340,6450,-167.7814454,58.15897122,1538.275288,64.2268076
12,SS1,340,6080,-167.48310943333334,54.8760724,1825.0053086666667,50.099376333333325
12,SS1,340,6090,-167.48852317272727,54.934293090909094,1821.503608,270.88549263636367
12,SS1,340,6100,-167.49546668,55.02152043,1816.2527662,248.7535525
12,SS1,340,6110,-167.50321008181817,55.10878033636364,1811.002680818182,176.99440609090908
12,SS1,340,6120,-167.5109976818182,55.200374690909086,1805.5029762727272,455.1848284545455
12,SS1,340,6130,-167.5190453,55.291949136363634,1800.002830909091,312.4833051818182
12,SS1,340,6140,-167.52716194,55.379326219999996,1794.7519244,26.2646895
12,SS1,340,6150,-167.53454661818182,55.46665285454545,1789.502369,22.02255227272727
12,SS1,340,6160,-167.5425986909091,55.55809582727273,1784.0021954545455,335.0758213636364
12,SS1,340,6170,-167.550513,55.64953808181818,1778.502676909091,9.427561818181818
12,SS1,340,6180,-167.5596711090909,55.74094894545455,1773.0025146363637,3.927258909090909
12,SS1,340,6190,-167.5671423,55.82811023,1767.75317,11.0207449
12,SS1,340,6200,-167.57472356363635,55.915261436363636,1762.503291,223.44405381818183
12,SS1,340,6210,-167.582580125,56.010494466666664,1755.5027345,141.46869425
12,SS1,340,6220,-167.5898852,56.09473129090909,1737.866293,346.65920900000003
12,SS1,340,6230,-167.59921236363635,56.18589544545455,1731.003122181818,122.843162
12,SS1,340,6240,-167.60663381818182,56.277319036363636,1725.5031127272728,564.3228833636364
12,SS1,340,6250,-167.61455774545453,56.36866052727272,1720.0026695454546,676.5645895454546
12,SS1,340,6260,-167.62252744,56.45594287,1714.7540674,272.3410182
12,SS1,340,6270,-167.63022566363637,56.54338073636364,1709.5023941818183,528.3636135454545
12,SS1,340,6280,-167.63904275454544,56.634862863636364,1704.0033026363635,1105.265324
12,SS1,340,6290,-167.6477602,56.7255582,1675.9561097272726,1456.9821998181817
12,SS1,340,6300,-167.65538717272727,56.81554400909091,1631.0020832727273,1221.1041464545453
12,SS1,340,6310,-167.6644611909091,56.90689570909091,1625.5007081818183,238.97606936363636
12,SS1,340,6320,-167.67223222,56.99421796,1620.2527996,267.9768037
12,SS1,340,6330,-167.6802726,57.081646536363635,1615.002286,322.1026630909091
12,SS1,340,6340,-167.68874631666665,57.17425825833333,1603.5018835833334,277.99448216666667
12,SS1,340,6350,-167.69753575454544,57.26666843636364,1592.0021722727272,68.8569610909091
12,SS1,340,6360,-167.70555126,57.35398818,1586.7513954,33.6634865
12,SS1,340,6370,-167.71331282727272,57.44121278181818,1581.5027204545454,10.782744
12,SS1,340,6380,-167.72223493636363,57.5325263,1576.0015624545454,21.998776454545457
12,SS1,340,6390,-167.73114874545456,57.623553063636365,1570.5022217272726,29.430839545454546
12,SS1,340,6400,-167.73868232727273,57.71465468181818,1565.001350090909,46.198679636363636
12,SS1,340,6410,-167.74729141,57.80183237,1559.7524143,89.6612441
12,SS1,340,6420,-167.75574766363636,57.88922151818182,1554.5017962727272,112.64774827272727
12,SS1,340,6430,-167.76349982727274,57.98083903636363,1549.0022486363637,190.70040209090908
12,SS1,340,6440,-167.77343093636364,58.07227910909091,1543.5014959090909,212.17406072727272
12,SS1,340,6450,-167.7814454,58.15897122,1538.275288,56.610475199999996
12,SS2,340,6080,-167.48310943333334,54.8760724,1825.0053086666667,0
12,SS2,340,6090,-167.48852317272727,54.934293090909094,1821.503608,0
12,SS2,340,6100,-167.49546668,55.02152043,1816.2527662,0
12,SS2,340,6110,-167.50321008181817,55.10878033636364,1811.002680818182,0
12,SS2,340,6120,-167.5109976818182,55.200374690909086,1805.5029762727272,0
12,SS2,340,6130,-167.5190453,55.291949136363634,1800.002830909091,0
12,SS2,340,6140,-167.52716194,55.379326219999996,1794.7519244,0
12,SS2,340,6150,-167.53454661818182,55.46665285454545,1789.502369,0
12,SS2,340,6160,-167.5425986909091,55.55809582727273,1784.0021954545455,0
12,SS2,340,6170,-167.550513,55.64953808181818,1778.502676909091,0
12,SS2,340,6180,-167.5596711090909,55.74094894545455,1773.0025146363637,0
12,SS2,340,6190,-167.5671423,55.82811023,1767.75317,0
12,SS2,340,6200,-167.57472356363635,55.915261436363636,1762.503291,0
12,SS2,340,6210,-167.582580125,56.010494466666664,1755.5027345,0
12,SS2,340,6220,-167.5898852,56.09473129090909,1737.866293,0
12,SS2,340,6230,-167.59921236363635,56.18589544545455,1731.003122181818,0
12,SS2,340,6240,-167.60663381818182,56.277319036363636,1725.5031127272728,0
12,SS2,340,6250,-167.61455774545453,56.36866052727272,1720.0026695454546,0
12,SS2,340,6260,-167.62252744,56.45594287,1714.7540674,0
12,SS2,340,6270,-167.63022566363637,56.54338073636364,1709.5023941818183,0
12,SS2,340,6280,-167.63904275454544,56.634862863636364,1704.0033026363635,0
12,SS2,340,6290,-167.6477602,56.7255582,1675.9561097272726,0
12,SS2,340,6300,-167.65538717272727,56.81554400909091,1631.0020832727273,0
12,SS2,340,6310,-167.6644611909091,56.90689570909091,1625.5007081818183,0
12,SS2,340,6320,-167.67223222,56.99421796,1620.2527996,0
12,SS2,340,6330,-167.6802726,57.081646536363635,1615.002286,0
12,SS2,340,6340,-167.68874631666665,57.17425825833333,1603.5018835833334,0
12,SS2,340,6350,-167.69753575454544,57.26666843636364,1592.0021722727272,0
12,SS2,340,6360,-167.70555126,57.35398818,1586.7513954,0
12,SS2,340,6370,-167.71331282727272,57.44121278181818,1581.5027204545454,0
12,SS2,340,6380,-167.72223493636363,57.5325263,1576.0015624545454,0
12,SS2,340,6390,-167.73114874545456,57.623553063636365,1570.5022217272726,0
12,SS2,340,6400,-167.73868232727273,57.71465468181818,1565.001350090909,0
12,SS2,340,6410,-167.74729141,57.80183237,1559.7524143,0
12,SS2,340,6420,-167.75574766363636,57.88922151818182,1554.5017962727272,0
12,SS2,340,6430,-167.76349982727274,57.98083903636363,1549.0022486363637,0
12,SS2,340,6440,-167.77343093636364,58.07227910909091,1543.5014959090909,0
12,SS2,340,6450,-167.7814454,58.15897122,1538.275288,0
14,BT,260,6160,-168.7438832,55.5671064,1889.50027,3.710763
14,BT,260,6170,-168.750044675,55.62059155833333,1892.8368075833332,8.2236535
14,BT,260,6180,-168.75983046363638,55.70953276363636,1899.5017646363638,42.16666354545455
14,BT,260,6190,-168.769923375,55.79609801666667,1922.2534496666667,82.14847866666666
14,BT,260,6200,-168.77886448181818,55.8871783,1936.502430090909,9.624904727272726
14,BT,260,6210,-168.79117326666668,55.9802886,1954.92091375,2.17013025
14,BT,260,6220,-168.80126489,56.06683319,1985.7568711,1.8462375
14,BT,260,6230,-168.81082852727272,56.154040563636364,1991.0042865454545,16.369417181818182
14,BT,260,6240,-168.8216251,56.245359854545455,1996.502089,6.069011636363636
14,BT,260,6250,-168.8319861,56.335573509090906,2010.0033007272727,16.251113727272728
14,BT,260,6260,-168.84240986363636,56.42664160909091,2018.502573,42.942479
14,BT,260,6270,-168.85282729,56.51400795,2023.7525618,217.3825115
14,BT,260,6280,-168.86291249090908,56.60116818181818,2029.002891909091,21.15499609090909
14,BT,260,6290,-168.87344054545454,56.69232843636364,2034.5024455454545,10.02598209090909
14,BT,260,6300,-168.88438913636364,56.7837414,2040.0028403636363,60.477790454545456
14,BT,260,6310,-168.89619320833333,56.87384135833333,2074.6271685,27.81302
14,BT,260,6320,-168.9079698818182,56.964777781818185,2101.001980181818,39.65795
14,BT,260,6330,-168.91659882,57.05208949,2106.2518555,149.23050469999998
14,BT,260,6340,-168.92520524545455,57.13937392727273,2111.5014293636364,82.40535309090907
14,BT,260,6350,-168.9371755,57.230789345454546,2117.002226909091,10.291842818181818
14,BT,260,6360,-168.94889311818181,57.32204146363636,2122.502112909091,14.554027090909091
14,BT,260,6370,-168.95847333636362,57.41344998181818,2128.002111,9.375448636363636
14,BT,260,6380,-168.96733995,57.50067109,2133.2525100000003,7.5544929000000005
14,BT,260,6390,-168.9793922272727,57.587818727272726,2138.501976090909,3.4091561818181817
14,BT,260,6400,-168.99000964545453,57.679115972727274,2144.002159181818,3.998166090909091
14,BT,260,6410,-169.00043186363635,57.7701802,2149.5021493636364,4.536369636363636
14,BT,260,6420,-169.01023240833334,57.857164875,2156.7569795833333,5.822586916666666
14,BT,260,6430,-169.02136292727272,57.94978621818182,2163.0016485454544,3.313027090909091
14,BT,260,6440,-169.03324856,58.03694317,2168.2520895,6.6430288
14,BT,260,6450,-169.04406617272727,58.12410107272727,2173.5012045454546,6.366346090909091
14,BT,260,6460,-169.05521081818182,58.21544888181818,2179.0024980909093,11.822504272727272
14,BT,260,6470,-169.0653776909091,58.306692445454544,2184.5022201818183,25.412929090909092
14,BT,260,6480,-169.0722873,58.356414,2187.501653,52.728994
14,SS1,260,6160,-168.7438832,55.5671064,1889.50027,0
14,SS1,260,6170,-168.750044675,55.62059155833333,1892.8368075833332,0
14,SS1,260,6180,-168.75983046363638,55.70953276363636,1899.5017646363638,135.159503
14,SS1,260,6190,-168.769923375,55.79609801666667,1922.2534496666667,347.3143133333333
14,SS1,260,6200,-168.77886448181818,55.8871783,1936.502430090909,241.73286990909088
14,SS1,260,6210,-168.79117326666668,55.9802886,1954.92091375,215.882034
14,SS1,260,6220,-168.80126489,56.06683319,1985.7568711,73.0419747
14,SS1,260,6230,-168.81082852727272,56.154040563636364,1991.0042865454545,160.18031445454545
14,SS1,260,6240,-168.8216251,56.245359854545455,1996.502089,918.7609236363636
14,SS1,260,6250,-168.8319861,56.335573509090906,2010.0033007272727,1651.6888481818182
14,SS1,260,6260,-168.84240986363636,56.42664160909091,2018.502573,520.0668447272727
14,SS1,260,6270,-168.85282729,56.51400795,2023.7525618,167.0793684
14,SS1,260,6280,-168.86291249090908,56.60116818181818,2029.002891909091,476.25683536363636
14,SS1,260,6290,-168.87344054545454,56.69232843636364,2034.5024455454545,304.28022463636364
14,SS1,260,6300,-168.88438913636364,56.7837414,2040.0028403636363,2596.5918547272727
14,SS1,260,6310,-168.89619320833333,56.87384135833333,2074.6271685,2248.2484255
14,SS1,260,6320,-168.9079698818182,56.964777781818185,2101.001980181818,603.3169201818182
14,SS1,260,6330,-168.91659882,57.05208949,2106.2518555,519.7833399
14,SS1,260,6340,-168.92520524545455,57.13937392727273,2111.5014293636364,69.17772872727272
14,SS1,260,6350,-168.9371755,57.230789345454546,2117.002226909091,26.670780545454544
14,SS1,260,6360,-168.94889311818181,57.32204146363636,2122.502112909091,29.470559272727275
14,SS1,260,6370,-168.95847333636362,57.41344998181818,2128.002111,37.26415236363636
14,SS1,260,6380,-168.96733995,57.50067109,2133.2525100000003,13.6737157
14,SS1,260,6390,-168.9793922272727,57.587818727272726,2138.501976090909,53.81436636363637
14,SS1,260,6400,-168.99000964545453,57.679115972727274,2144.002159181818,42.484532
14,SS1,260,6410,-169.00043186363635,57.7701802,2149.5021493636364,11.045007545454546
14,SS1,260,6420,-169.01023240833334,57.857164875,2156.7569795833333,45.8727385
14,SS1,260,6430,-169.02136292727272,57.94978621818182,2163.0016485454544,58.654055
14,SS1,260,6440,-169.03324856,58.03694317,2168.2520895,33.5920528
14,SS1,260,6450,-169.04406617272727,58.12410107272727,2173.5012045454546,25.667250636363637
14,SS1,260,6460,-169.05521081818182,58.21544888181818,2179.0024980909093,80.724372
14,SS1,260,6470,-169.0653776909091,58.306692445454544,2184.5022201818183,125.62206336363637
14,SS1,260,6480,-169.0722873,58.356414,2187.501653,181.535965
14,SS2,260,6160,-168.7438832,55.5671064,1889.50027,0
14,SS2,260,6170,-168.750044675,55.62059155833333,1892.8368075833332,96.56534791666667
14,SS2,260,6180,-168.75983046363638,55.70953276363636,1899.5017646363638,168.69565618181818
14,SS2,260,6190,-168.769923375,55.79609801666667,1922.2534496666667,252.48316691666668
14,SS2,260,6200,-168.77886448181818,55.8871783,1936.502430090909,0
14,SS2,260,6210,-168.79117326666668,55.9802886,1954.92091375,0
14,SS2,260,6220,-168.80126489,56.06683319,1985.7568711,0
14,SS2,260,6230,-168.81082852727272,56.154040563636364,1991.0042865454545,0
14,SS2,260,6240,-168.8216251,56.245359854545455,1996.502089,0
14,SS2,260,6250,-168.8319861,56.335573509090906,2010.0033007272727,0
14,SS2,260,6260,-168.84240986363636,56.42664160909091,2018.502573,0
14,SS2,260,6270,-168.85282729,56.51400795,2023.7525618,0
14,SS2,260,6280,-168.86291249090908,56.60116818181818,2029.002891909091,0
14,SS2,260,6290,-168.87344054545454,56.69232843636364,2034.5024455454545,0
14,SS2,260,6300,-168.88438913636364,56.7837414,2040.0028403636363,0
14,SS2,260,6310,-168.89619320833333,56.87384135833333,2074.6271685,0
14,SS2,260,6320,-168.9079698818182,56.964777781818185,2101.001980181818,0
14,SS2,260,6330,-168.91659882,57.05208949,2106.2518555,0
14,SS2,260,6340,-168.92520524545455,57.13937392727273,2111.5014293636364,0
14,SS2,260,6350,-168.9371755,57.230789345454546,2117.002226909091,0
14,SS2,260,6360,-168.94889311818181,57.32204146363636,2122.502112909091,0
14,SS2,260,6370,-168.95847333636362,57.41344998181818,2128.002111,0
14,SS2,260,6380,-168.96733995,57.50067109,2133.2525100000003,0
14,SS2,260,6390,-168.9793922272727,57.587818727272726,2138.501976090909,0
14,SS2,260,6400,-168.99000964545453,57.679115972727274,2144.002159181818,0
14,SS2,260,6410,-169.00043186363635,57.7701802,2149.5021493636364,0
14,SS2,260,6420,-169.01023240833334,57.857164875,2156.7569795833333,0
14,SS2,260,6430,-169.02136292727272,57.94978621818182,2163.0016485454544,0
14,SS2,260,6440,-169.03324856,58.03694317,2168.2520895,0
14,SS2,260,6450,-169.04406617272727,58.12410107272727,2173.5012045454546,0
14,SS2,260,6460,-169.05521081818182,58.21544888181818,2179.0024980909093,0
14,SS2,260,6470,-169.0653776909091,58.306692445454544,2184.5022201818183,0
14,SS2,260,6480,-169.0722873,58.356414,2187.501653,0
16,BT,190,6210,-169.98190033333333,55.96945256666667,2777.0022813333335,2.5368666666666666
16,BT,190,6220,-169.99090017272727,56.024323472727275,2767.1379101818184,115.83077209090908
16,BT,190,6230,-170.00419115454545,56.11034762727273,2750.501796090909,56.872915272727276
16,BT,190,6240,-170.01856628181818,56.20162016363636,2745.0017003636362,45.98710336363636
16,BT,190,6250,-170.03336171666666,56.29167476666667,2720.9185440833335,5.887210083333334
16,BT,190,6260,-170.04717765454546,56.38450405454545,2706.002581090909,6.927570363636364
16,BT,190,6270,-170.06035242000002,56.4717409,2700.7511577,6.9609482
16,BT,190,6280,-170.07483936363636,56.5585424,2695.5015472727273,23.068548454545454
16,BT,190,6290,-170.0889733090909,56.649663136363635,2690.001729909091,17.366508636363637
16,BT,190,6300,-170.10326696363637,56.74097305454546,2684.5023888181818,6.736166727272727
16,BT,190,6310,-170.1171933,56.8282563,2679.2524256,22.0584515
16,BT,190,6320,-170.13049582727274,56.9154821,2674.0024396363638,29.85100227272727
16,BT,190,6330,-170.14533657272727,57.00676417272727,2668.5013401818183,14.839765272727274
16,BT,190,6340,-170.1523059,57.06067485,2665.250861,15.9674555
16,BT,190,6370,-170.2030645111111,57.37100581111111,2620.5016124444446,27.740001222222222
16,BT,190,6380,-170.21532457272727,57.45389415454545,2615.501830181818,74.18738781818182
16,BT,190,6390,-170.22852947272727,57.54510316363636,2610.002106818182,44.94582418181818
16,BT,190,6400,-170.24281434545455,57.63633812727273,2604.501537181818,9.015317181818181
16,BT,190,6410,-170.2575176,57.72329402,2599.2513609000002,6.4184805
16,BT,190,6420,-170.27039421818182,57.810328,2594.001558818182,2.0491664545454547
16,BT,190,6430,-170.28339685454546,57.90154959090909,2588.502442909091,3.601599727272727
16,BT,190,6440,-170.2984822090909,57.992731081818185,2583.0017885454545,2.504672363636364
16,BT,190,6450,-170.31212194,58.07978707,2577.7518382,1.3083872
16,BT,190,6460,-170.3245525909091,58.16685907272727,2572.5017097272726,1.4447158181818183
16,BT,190,6470,-170.33905194545454,58.25789579090909,2567.002235090909,2.368335181818182
16,BT,190,6480,-170.35474513636365,58.348816672727274,2561.5012203636365,2.7238931818181817
16,BT,190,6490,-170.36696639090908,58.43994660909091,2556.0018848181817,2.5925013636363636
16,BT,190,6500,-170.38052924166666,58.525030225,2549.2583185,2.0855599166666665
16,BT,190,6510,-170.39536408181817,58.6155771,2543.0013392727274,9.64211890909091
16,BT,190,6520,-170.4092316090909,58.707086363636364,2537.5016365454544,12.130613818181818
16,BT,190,6530,-170.4238069181818,58.79852861818182,2532.0013037272724,17.066225727272727
16,BT,190,6540,-170.43776417,58.8856572,2526.7517555,11.4308557
16,BT,190,6550,-170.4515647,58.972832827272725,2521.5021515454546,16.720393454545455
16,BT,190,6560,-170.46553845,59.06287064166666,2502.0436726666667,4.48087725
16,BT,190,6570,-170.48050883636364,59.15430117272727,2486.501995090909,3.8921443636363637
16,BT,190,6580,-170.49511513636364,59.245598572727275,2481.002203909091,1.878785272727273
16,BT,190,6590,-170.50935676,59.33273706,2475.751899,13.165282999999999
16,BT,190,6600,-170.52329094545453,59.41955818181818,2470.502087,21.094838363636363
16,BT,190,6610,-170.5380685,59.51065402727273,2465.001537818182,14.302271636363637
16,BT,190,6620,-170.55298057272728,59.602069990909094,2459.5018577272726,23.90856372727273
16,BT,190,6630,-170.56709636,59.68937691,2454.2509848,23.651148
16,BT,190,6640,-170.58083316666668,59.774157466666665,2446.8764272500002,22.25142608333333
16,BT,190,6650,-170.59612882727274,59.86734245454546,2440.5020865454544,34.61008318181818
16,BT,190,6660,-170.61105306363638,59.95855242727273,2435.0022334545456,13.310025090909091
16,SS1,190,6210,-169.98190033333333,55.96945256666667,2777.0022813333335,86.57108933333333
16,SS1,190,6220,-169.99090017272727,56.024323472727275,2767.1379101818184,270.33639427272726
16,SS1,190,6230,-170.00419115454545,56.11034762727273,2750.501796090909,758.0858191818182
16,SS1,190,6240,-170.01856628181818,56.20162016363636,2745.0017003636362,377.58567454545454
16,SS1,190,6250,-170.03336171666666,56.29167476666667,2720.9185440833335,136.63080458333334
16,SS1,190,6260,-170.04717765454546,56.38450405454545,2706.002581090909,226.2617288181818
16,SS1,190,6270,-170.06035242000002,56.4717409,2700.7511577,231.5379013
16,SS1,190,6280,-170.07483936363636,56.5585424,2695.5015472727273,434.6543224545454
16,SS1,190,6290,-170.0889733090909,56.649663136363635,2690.001729909091,404.82344445454544
16,SS1,190,6300,-170.10326696363637,56.74097305454546,2684.5023888181818,248.11917172727274
16,SS1,190,6310,-170.1171933,56.8282563,2679.2524256,230.4476408
16,SS1,190,6320,-170.13049582727274,56.9154821,2674.0024396363638,408.34922390909094
16,SS1,190,6330,-170.14533657272727,57.00676417272727,2668.5013401818183,94.34114754545453
16,SS1,190,6340,-170.1523059,57.06067485,2665.250861,33.134446
16,SS1,190,6370,-170.2030645111111,57.37100581111111,2620.5016124444446,587.2522021111112
16,SS1,190,6380,-170.21532457272727,57.45389415454545,2615.501830181818,582.5189052727272
16,SS1,190,6390,-170.22852947272727,57.54510316363636,2610.002106818182,251.09313172727272
16,SS1,190,6400,-170.24281434545455,57.63633812727273,2604.501537181818,144.645906
16,SS1,190,6410,-170.2575176,57.72329402,2599.2513609000002,52.9168166
16,SS1,190,6420,-170.27039421818182,57.810328,2594.001558818182,26.91623109090909
16,SS1,190,6430,-170.28339685454546,57.90154959090909,2588.502442909091,8.65659109090909
16,SS1,190,6440,-170.2984822090909,57.992731081818185,2583.0017885454545,12.177871909090909
16,SS1,190,6450,-170.31212194,58.07978707,2577.7518382,33.7430026
16,SS1,190,6460,-170.3245525909091,58.16685907272727,2572.5017097272726,74.52660290909091
16,SS1,190,6470,-170.33905194545454,58.25789579090909,2567.002235090909,90.23880218181817
16,SS1,190,6480,-170.35474513636365,58.348816672727274,2561.5012203636365,77.58452436363636
16,SS1,190,6490,-170.36696639090908,58.43994660909091,2556.0018848181817,67.70938018181818
16,SS1,190,6500,-170.38052924166666,58.525030225,2549.2583185,111.5241455
16,SS1,190,6510,-170.39536408181817,58.6155771,2543.0013392727274,141.69500790909092
16,SS1,190,6520,-170.4092316090909,58.707086363636364,2537.5016365454544,120.73860618181818
16,SS1,190,6530,-170.4238069181818,58.79852861818182,2532.0013037272724,165.02229172727272
16,SS1,190,6540,-170.43776417,58.8856572,2526.7517555,61.3120107
16,SS1,190,6550,-170.4515647,58.972832827272725,2521.5021515454546,113.73405245454546
16,SS1,190,6560,-170.46553845,59.06287064166666,2502.0436726666667,96.93679783333333
16,SS1,190,6570,-170.48050883636364,59.15430117272727,2486.501995090909,107.627685
16,SS1,190,6580,-170.49511513636364,59.245598572727275,2481.002203909091,30.577611
16,SS1,190,6590,-170.50935676,59.33273706,2475.751899,59.090234800000005
16,SS1,190,6600,-170.52329094545453,59.41955818181818,2470.502087,133.32368363636363
16,SS1,190,6610,-170.5380685,59.51065402727273,2465.001537818182,160.1736341818182
16,SS1,190,6620,-170.55298057272728,59.602069990909094,2459.5018577272726,103.20549972727272
16,SS1,190,6630,-170.56709636,59.68937691,2454.2509848,142.5414755
16,SS1,190,6640,-170.58083316666668,59.774157466666665,2446.8764272500002,133.96395625
16,SS1,190,6650,-170.59612882727274,59.86734245454546,2440.5020865454544,72.56160554545454
16,SS1,190,6660,-170.61105306363638,59.95855242727273,2435.0022334545456,56.66625554545455
16,SS2,190,6210,-169.98190033333333,55.96945256666667,2777.0022813333335,0.963433
16,SS2,190,6220,-169.99090017272727,56.024323472727275,2767.1379101818184,23.31008390909091
16,SS2,190,6230,-170.00419115454545,56.11034762727273,2750.501796090909,0
16,SS2,190,6240,-170.01856628181818,56.20162016363636,2745.0017003636362,0
16,SS2,190,6250,-170.03336171666666,56.29167476666667,2720.9185440833335,0
16,SS2,190,6260,-170.04717765454546,56.38450405454545,2706.002581090909,0
16,SS2,190,6270,-170.06035242000002,56.4717409,2700.7511577,0
16,SS2,190,6280,-170.07483936363636,56.5585424,2695.5015472727273,0
16,SS2,190,6290,-170.0889733090909,56.649663136363635,2690.001729909091,0
16,SS2,190,6300,-170.10326696363637,56.74097305454546,2684.5023888181818,0
16,SS2,190,6310,-170.1171933,56.8282563,2679.2524256,0
16,SS2,190,6320,-170.13049582727274,56.9154821,2674.0024396363638,0
16,SS2,190,6330,-170.14533657272727,57.00676417272727,2668.5013401818183,0
16,SS2,190,6340,-170.1523059,57.06067485,2665.250861,0
16,SS2,190,6370,-170.2030645111111,57.37100581111111,2620.5016124444446,0
16,SS2,190,6380,-170.21532457272727,57.45389415454545,2615.501830181818,0
16,SS2,190,6390,-170.22852947272727,57.54510316363636,2610.002106818182,0
16,SS2,190,6400,-170.24281434545455,57.63633812727273,2604.501537181818,0
16,SS2,190,6410,-170.2575176,57.72329402,2599.2513609000002,0
16,SS2,190,6420,-170.27039421818182,57.810328,2594.001558818182,0
16,SS2,190,6430,-170.28339685454546,57.90154959090909,2588.502442909091,0
16,SS2,190,6440,-170.2984822090909,57.992731081818185,2583.0017885454545,0
16,SS2,190,6450,-170.31212194,58.07978707,2577.7518382,0
16,SS2,190,6460,-170.3245525909091,58.16685907272727,2572.5017097272726,0
16,SS2,190,6470,-170.33905194545454,58.25789579090909,2567.002235090909,0
16,SS2,190,6480,-170.35474513636365,58.348816672727274,2561.5012203636365,0
16,SS2,190,6490,-170.36696639090908,58.43994660909091,2556.0018848181817,0
16,SS2,190,6500,-170.38052924166666,58.525030225,2549.2583185,0
16,SS2,190,6510,-170.39536408181817,58.6155771,2543.0013392727274,0
16,SS2,190,6520,-170.4092316090909,58.707086363636364,2537.5016365454544,0
16,SS2,190,6530,-170.4238069181818,58.79852861818182,2532.0013037272724,0
16,SS2,190,6540,-170.43776417,58.8856572,2526.7517555,0
16,SS2,190,6550,-170.4515647,58.972832827272725,2521.5021515454546,0
16,SS2,190,6560,-170.46553845,59.06287064166666,2502.0436726666667,0
16,SS2,190,6570,-170.48050883636364,59.15430117272727,2486.501995090909,0
16,SS2,190,6580,-170.49511513636364,59.245598572727275,2481.002203909091,0
16,SS2,190,6590,-170.50935676,59.33273706,2475.751899,0
16,SS2,190,6600,-170.52329094545453,59.41955818181818,2470.502087,0
16,SS2,190,6610,-170.5380685,59.51065402727273,2465.001537818182,0
16,SS2,190,6620,-170.55298057272728,59.602069990909094,2459.5018577272726,0
16,SS2,190,6630,-170.56709636,59.68937691,2454.2509848,0
16,SS2,190,6640,-170.58083316666668,59.774157466666665,2446.8764272500002,0
16,SS2,190,6650,-170.59612882727274,59.86734245454546,2440.5020865454544,0
16,SS2,190,6660,-170.61105306363638,59.95855242727273,2435.0022334545456,0
18,BT,110,6250,-171.23861111,56.237374270000004,3218.2547207,48.243576700000006
18,BT,110,6260,-171.2537487818182,56.324358654545456,3223.503479090909,12.774441454545455
18,BT,110,6270,-171.26983874545454,56.41541510909091,3229.0022345454545,31.53117909090909
18,BT,110,6280,-171.2858939090909,56.506553,3234.501987,20.75058918181818
18,BT,110,6290,-171.30195173636363,56.59755490909091,3240.001288636364,15.745114181818181
18,BT,110,6300,-171.31758898181818,56.68596104545455,3248.366195181818,77.21404036363636
18,BT,110,6310,-171.33291877272728,56.77085080909091,3261.502754090909,29.92931318181818
18,BT,110,6320,-171.34891414545456,56.86205445454546,3267.002797818182,46.724594090909086
18,BT,110,6330,-171.36495718333333,56.95289184166667,3273.5016578333334,34.55208566666666
18,BT,110,6340,-171.38074323,57.03961297,3279.7528226,26.6130058
18,BT,110,6350,-171.39641481818182,57.12670397272727,3285.002982727273,40.42720836363637
18,BT,110,6360,-171.41274641818183,57.217931718181816,3290.502622909091,34.88629363636364
18,BT,110,6370,-171.4291172272727,57.30901050909091,3296.0016835454544,96.41574418181818
18,BT,110,6380,-171.44533418181817,57.39997841818182,3301.5034964545457,26.879859545454543
18,BT,110,6390,-171.46107059,57.48697746,3306.7526337,27.833552
18,BT,110,6400,-171.47723724545455,57.57406881818182,3312.0036314545455,22.62476690909091
18,BT,110,6410,-171.4938234090909,57.665085536363634,3317.502493,40.111703999999996
18,BT,110,6420,-171.51063379090908,57.75602850909091,3323.0026676363636,57.60349618181818
18,BT,110,6430,-171.52621415454544,57.84154395454546,3348.547144272727,92.99732972727273
18,BT,110,6440,-171.54234909090908,57.93149300909091,3358.501887090909,35.54538627272727
18,BT,110,6450,-171.55895072727273,58.02265688181818,3364.002333727273,30.097663454545454
18,BT,110,6460,-171.5759261909091,58.113706527272726,3369.503421,18.65746472727273
18,BT,110,6470,-171.59180375,58.20053375,3374.7525025,18.608900300000002
18,BT,110,6480,-171.6078933,58.28766594545454,3380.0027096363638,5.031277636363637
18,BT,110,6490,-171.62490675454546,58.37893925454546,3385.5039983636366,13.983419909090909
18,BT,110,6500,-171.64170503636365,58.47001059090909,3391.0027285454544,9.025153727272727
18,BT,110,6510,-171.65790909,58.55689543,3396.2519868,11.7129783
18,BT,110,6520,-171.67473960909092,58.64365499090909,3401.502565,12.141433545454545
18,BT,110,6530,-171.6903244909091,58.73434018181818,3407.002772,15.871394363636364
18,BT,110,6540,-171.70751104545454,58.82500239090909,3412.5028351818182,47.07579809090909
18,BT,110,6550,-171.7247789,58.91595262727272,3418.001537181818,67.956158
18,BT,110,6560,-171.74141071,59.00287992,3423.2523514,118.3842926
18,BT,110,6570,-171.7583354090909,59.08985172727273,3428.5030771818183,65.25410463636364
18,BT,110,6580,-171.77532990833333,59.17920386666667,3439.918257916667,47.59549666666667
18,BT,110,6590,-171.7929091,59.27150766363636,3448.5024025454545,6.938120818181818
18,BT,110,6600,-171.81011907272728,59.36271507272727,3454.0022685454546,12.939238090909091
18,BT,110,6610,-171.82686852999998,59.44957489,3459.2527804,16.7277037
18,BT,110,6620,-171.84330721818182,59.53629499090909,3464.5026119999998,22.20197118181818
18,BT,110,6630,-171.8609160909091,59.62727695454545,3470.001717181818,24.486973545454546
18,BT,110,6640,-171.87861968181818,59.7184628,3475.5020566363637,12.74080909090909
18,BT,110,6650,-171.89562618,59.80554094,3480.7532835,23.734804399999998
18,BT,110,6660,-171.91232410909092,59.89256574545455,3486.0028573636364,12.000527
18,BT,110,6670,-171.9268190125,59.97110185,3490.752946875,12.74236825
18,SS1,110,6250,-171.23861111,56.237374270000004,3218.2547207,102.7180865
18,SS1,110,6260,-171.2537487818182,56.324358654545456,3223.503479090909,93.48556390909091
18,SS1,110,6270,-171.26983874545454,56.41541510909091,3229.0022345454545,52.49798790909091
18,SS1,110,6280,-171.2858939090909,56.506553,3234.501987,154.92258072727273
18,SS1,110,6290,-171.30195173636363,56.59755490909091,3240.001288636364,467.18802900000003
18,SS1,110,6300,-171.31758898181818,56.68596104545455,3248.366195181818,507.94569318181817
18,SS1,110,6310,-171.33291877272728,56.77085080909091,3261.502754090909,506.5993938181818
18,SS1,110,6320,-171.34891414545456,56.86205445454546,3267.002797818182,423.443758
18,SS1,110,6330,-171.36495718333333,56.95289184166667,3273.5016578333334,172.10510075
18,SS1,110,6340,-171.38074323,57.03961297,3279.7528226,196.4686289
18,SS1,110,6350,-171.39641481818182,57.12670397272727,3285.002982727273,674.9243433636364
18,SS1,110,6360,-171.41274641818183,57.217931718181816,3290.502622909091,1378.970519
18,SS1,110,6370,-171.4291172272727,57.30901050909091,3296.0016835454544,714.0688399090909
18,SS1,110,6380,-171.44533418181817,57.39997841818182,3301.5034964545457,1275.1967029090908
18,SS1,110,6390,-171.46107059,57.48697746,3306.7526337,1425.761223
18,SS1,110,6400,-171.47723724545455,57.57406881818182,3312.0036314545455,1519.207271
18,SS1,110,6410,-171.4938234090909,57.665085536363634,3317.502493,1008.8542685454545
18,SS1,110,6420,-171.51063379090908,57.75602850909091,3323.0026676363636,594.9950499090909
18,SS1,110,6430,-171.52621415454544,57.84154395454546,3348.547144272727,442.3426171818182
18,SS1,110,6440,-171.54234909090908,57.93149300909091,3358.501887090909,110.04916672727272
18,SS1,110,6450,-171.55895072727273,58.02265688181818,3364.002333727273,115.05967645454545
18,SS1,110,6460,-171.5759261909091,58.113706527272726,3369.503421,30.133997818181818
18,SS1,110,6470,-171.59180375,58.20053375,3374.7525025,19.7363747
18,SS1,110,6480,-171.6078933,58.28766594545454,3380.0027096363638,0.4002347272727273
18,SS1,110,6490,-171.62490675454546,58.37893925454546,3385.5039983636366,3.532727090909091
18,SS1,110,6500,-171.64170503636365,58.47001059090909,3391.0027285454544,2.851374363636364
18,SS1,110,6510,-171.65790909,58.55689543,3396.2519868,11.8049103
18,SS1,110,6520,-171.67473960909092,58.64365499090909,3401.502565,21.385923181818182
18,SS1,110,6530,-171.6903244909091,58.73434018181818,3407.002772,27.74443327272727
18,SS1,110,6540,-171.70751104545454,58.82500239090909,3412.5028351818182,127.02621918181818
18,SS1,110,6550,-171.7247789,58.91595262727272,3418.001537181818,128.78842772727273
18,SS1,110,6560,-171.74141071,59.00287992,3423.2523514,84.7292988
18,SS1,110,6570,-171.7583354090909,59.08985172727273,3428.5030771818183,104.53804427272728
18,SS1,110,6580,-171.77532990833333,59.17920386666667,3439.918257916667,167.94321916666667
18,SS1,110,6590,-171.7929091,59.27150766363636,3448.5024025454545,105.85865172727273
18,SS1,110,6600,-171.81011907272728,59.36271507272727,3454.0022685454546,194.00325345454544
18,SS1,110,6610,-171.82686852999998,59.44957489,3459.2527804,115.47086829999999
18,SS1,110,6620,-171.84330721818182,59.53629499090909,3464.5026119999998,211.79660781818183
18,SS1,110,6630,-171.8609160909091,59.62727695454545,3470.001717181818,133.11740136363636
18,SS1,110,6640,-171.87861968181818,59.7184628,3475.5020566363637,169.4994429090909
18,SS1,110,6650,-171.89562618,59.80554094,3480.7532835,202.0129746
18,SS1,110,6660,-171.91232410909092,59.89256574545455,3486.0028573636364,127.57182263636363
18,SS1,110,6670,-171.9268190125,59.97110185,3490.752946875,50.915777625000004
18,SS2,110,6250,-171.23861111,56.237374270000004,3218.2547207,136.1765174
18,SS2,110,6260,-171.2537487818182,56.324358654545456,3223.503479090909,0
18,SS2,110,6270,-171.26983874545454,56.41541510909091,3229.0022345454545,0
18,SS2,110,6280,-171.2858939090909,56.506553,3234.501987,0
18,SS2,110,6290,-171.30195173636363,56.59755490909091,3240.001288636364,0
18,SS2,110,6300,-171.31758898181818,56.68596104545455,3248.366195181818,0
18,SS2,110,6310,-171.33291877272728,56.77085080909091,3261.502754090909,0
18,SS2,110,6320,-171.34891414545456,56.86205445454546,3267.002797818182,0
18,SS2,110,6330,-171.36495718333333,56.95289184166667,3273.5016578333334,0
18,SS2,110,6340,-171.38074323,57.03961297,3279.7528226,0
18,SS2,110,6350,-171.39641481818182,57.12670397272727,3285.002982727273,0
18,SS2,110,6360,-171.41274641818183,57.217931718181816,3290.502622909091,0
18,SS2,110,6370,-171.4291172272727,57.30901050909091,3296.0016835454544,0
18,SS2,110,6380,-171.44533418181817,57.39997841818182,3301.5034964545457,0
18,SS2,110,6390,-171.46107059,57.48697746,3306.7526337,0
18,SS2,110,6400,-171.47723724545455,57.57406881818182,3312.0036314545455,0
18,SS2,110,6410,-171.4938234090909,57.665085536363634,3317.502493,0
18,SS2,110,6420,-171.51063379090908,57.75602850909091,3323.0026676363636,0
18,SS2,110,6430,-171.52621415454544,57.84154395454546,3348.547144272727,0
18,SS2,110,6440,-171.54234909090908,57.93149300909091,3358.501887090909,0
18,SS2,110,6450,-171.55895072727273,58.02265688181818,3364.002333727273,0
18,SS2,110,6460,-171.5759261909091,58.113706527272726,3369.503421,0
18,SS2,110,6470,-171.59180375,58.20053375,3374.7525025,0
18,SS2,110,6480,-171.6078933,58.28766594545454,3380.0027096363638,0
18,SS2,110,6490,-171.62490675454546,58.37893925454546,3385.5039983636366,0
18,SS2,110,6500,-171.64170503636365,58.47001059090909,3391.0027285454544,0
18,SS2,110,6510,-171.65790909,58.55689543,3396.2519868,0
18,SS2,110,6520,-171.67473960909092,58.64365499090909,3401.502565,0
18,SS2,110,6530,-171.6903244909091,58.73434018181818,3407.002772,0
18,SS2,110,6540,-171.70751104545454,58.82500239090909,3412.5028351818182,0
18,SS2,110,6550,-171.7247789,58.91595262727272,3418.001537181818,0
18,SS2,110,6560,-171.74141071,59.00287992,3423.2523514,0
18,SS2,110,6570,-171.7583354090909,59.08985172727273,3428.5030771818183,0
18,SS2,110,6580,-171.77532990833333,59.17920386666667,3439.918257916667,0
18,SS2,110,6590,-171.7929091,59.27150766363636,3448.5024025454545,0
18,SS2,110,6600,-171.81011907272728,59.36271507272727,3454.0022685454546,0
18,SS2,110,6610,-171.82686852999998,59.44957489,3459.2527804,0
18,SS2,110,6620,-171.84330721818182,59.53629499090909,3464.5026119999998,0
18,SS2,110,6630,-171.8609160909091,59.62727695454545,3470.001717181818,0
18,SS2,110,6640,-171.87861968181818,59.7184628,3475.5020566363637,0
18,SS2,110,6650,-171.89562618,59.80554094,3480.7532835,0
18,SS2,110,6660,-171.91232410909092,59.89256574545455,3486.0028573636364,0
18,SS2,110,6670,-171.9268190125,59.97110185,3490.752946875,0
20,BT,40,6280,-172.5031503,56.471345533333334,4060.5024359999998,1.7188746666666668
20,BT,40,6290,-172.5144653,56.52919879090909,4057.0033573636365,31.563013909090913
20,BT,40,6300,-172.53217057,56.61590884,4051.7523809,1088.4282036
20,BT,40,6310,-172.55007035454545,56.70278348181818,4046.503850818182,13.635513545454545
20,BT,40,6320,-172.5691615,56.79385264545454,4041.0031167272728,1.3353925454545457
20,BT,40,6330,-172.58831757272728,56.88470576363636,4035.5030898181817,9.667172727272726
20,BT,40,6340,-172.60616869,56.97145244,4030.2529737,274.34761850000007
20,BT,40,6350,-172.62428315454545,57.05827984545455,4025.0051811818184,36.75391745454546
20,BT,40,6360,-172.6446983076923,57.154185376923074,4015.7729758461537,41.22585423076923
20,BT,40,6370,-172.66213606,57.23817192,3999.2520801,486.8774049
20,BT,40,6380,-172.68080905833332,57.328358808333334,3992.2525386666666,56.539301833333326
20,BT,40,6390,-172.69919933636365,57.41474450909091,3970.002311181818,456.27335054545455
20,BT,40,6400,-172.7182707,57.50558562727273,3964.5027489090908,12.490180727272728
20,BT,40,6410,-172.73736373636365,57.59645408181818,3959.004082636364,36.00742345454545
20,BT,40,6420,-172.75659223636364,57.68438032727273,3927.731834090909,89.74740581818182
20,BT,40,6430,-172.7748988,57.77350950909091,3907.5029905454544,17.99633590909091
20,BT,40,6440,-172.7941511,57.86440990909091,3902.0038823636364,25.094709090909088
20,BT,40,6450,-172.81293711,57.95116384,3896.7532380000002,4.3472966
20,BT,40,6460,-172.83169525454545,58.03808040909091,3891.5034292727273,5.118360363636364
20,BT,40,6470,-172.85107367272727,58.129126854545454,3886.0027897272726,8.191167545454546
20,BT,40,6480,-172.87057934545453,58.21983396363636,3880.5029256363637,9.215860545454547
20,BT,40,6490,-172.88912131,58.306552780000004,3875.2528391,15.1773413
20,BT,40,6500,-172.90791778181818,58.3933614,3870.003512363636,25.97675527272727
20,BT,40,6510,-172.92773837272728,58.48434200909091,3864.5030052727275,26.71196072727273
20,BT,40,6520,-172.94667090833332,58.571271116666665,3836.2946805,103.41754833333333
20,BT,40,6530,-172.96705729090908,58.665405154545454,3828.502613,56.546868
20,BT,40,6540,-172.98970341818182,58.75366945454545,3786.093145,81.03927745454546
20,BT,40,6550,-173.01630958181818,58.83957713636364,3716.0015903636363,73.94407445454546
20,BT,40,6560,-173.02677798181819,58.930653490909094,3710.502037090909,197.94924527272727
20,BT,40,6570,-173.04524467272728,59.02168514545455,3705.001979,236.59276136363636
20,BT,40,6580,-173.06415949,59.1084526,3699.7523902000003,192.1738199
20,BT,40,6590,-173.0838343909091,59.19523538181818,3694.501585818182,59.580206
20,BT,40,6600,-173.1038462818182,59.28635290909091,3689.0014371818183,39.455406272727274
20,BT,40,6610,-173.12423755454546,59.377378072727275,3683.501894818182,33.335066727272725
20,BT,40,6620,-173.14344267,59.46426136,3678.2527049,35.2558927
20,BT,40,6630,-173.16240174545453,59.55115874545454,3673.0012713636365,29.06604609090909
20,BT,40,6640,-173.1836213,59.64201887272727,3667.5014044545455,49.68872736363637
20,BT,40,6650,-173.20332591818183,59.73300492727273,3662.0016603636363,76.04785545454546
20,BT,40,6660,-173.22385977,59.81973063,3656.7512758000003,31.163454
20,BT,40,6670,-173.24387200769232,59.91076274615384,3650.667784615385,7.435487230769231
20,BT,40,6680,-173.26391069090909,59.998699327272725,3643.5012575454543,7.8750848181818185
20,BT,40,6690,-173.28447270909092,60.08987873636364,3638.001583909091,17.797203181818183
20,BT,40,6700,-173.30443729,60.17660464,3632.7512222,16.4604401
20,BT,40,6710,-173.3245823909091,60.26317103636364,3627.5017364545456,6.937676
20,BT,40,6720,-173.34576227272728,60.3539428,3622.0022926363636,17.393863181818183
20,BT,40,6730,-173.36631002727273,60.44482940909091,3616.5016570000003,2.009137181818182
20,BT,40,6740,-173.38522011,60.53162218,3611.2516548,13.4370849
20,BT,40,6750,-173.40590324545454,60.61806380909091,3606.0018686363637,10.434995363636364
20,BT,40,6760,-173.4265420181818,60.708551245454544,3600.5014881818183,6.049296363636364
20,BT,40,6770,-173.44862034545454,60.799024463636364,3595.002691,16.376507454545454
20,BT,40,6780,-173.4685381818182,60.88979620909091,3589.502269909091,17.01073372727273
20,BT,40,6790,-173.49171422,60.97628896,3584.2510005,7.4974106
20,BT,40,6800,-173.50797754545454,61.0629323,3579.001687636364,2.4463966363636365
20,SS1,40,6280,-172.5031503,56.471345533333334,4060.5024359999998,0
20,SS1,40,6290,-172.5144653,56.52919879090909,4057.0033573636365,0
20,SS1,40,6300,-172.53217057,56.61590884,4051.7523809,0
20,SS1,40,6310,-172.55007035454545,56.70278348181818,4046.503850818182,4.1303363636363635
20,SS1,40,6320,-172.5691615,56.79385264545454,4041.0031167272728,2.4209763636363633
20,SS1,40,6330,-172.58831757272728,56.88470576363636,4035.5030898181817,38.921634272727275
20,SS1,40,6340,-172.60616869,56.97145244,4030.2529737,264.2733329
20,SS1,40,6350,-172.62428315454545,57.05827984545455,4025.0051811818184,237.1217757272727
20,SS1,40,6360,-172.6446983076923,57.154185376923074,4015.7729758461537,225.74759246153846
20,SS1,40,6370,-172.66213606,57.23817192,3999.2520801,558.7551615
20,SS1,40,6380,-172.68080905833332,57.328358808333334,3992.2525386666666,15.585636083333334
20,SS1,40,6390,-172.69919933636365,57.41474450909091,3970.002311181818,647.0351586363637
20,SS1,40,6400,-172.7182707,57.50558562727273,3964.5027489090908,130.77429409090908
20,SS1,40,6410,-172.73736373636365,57.59645408181818,3959.004082636364,160.06789781818182
20,SS1,40,6420,-172.75659223636364,57.68438032727273,3927.731834090909,933.0256169090909
20,SS1,40,6430,-172.7748988,57.77350950909091,3907.5029905454544,926.2034938181819
20,SS1,40,6440,-172.7941511,57.86440990909091,3902.0038823636364,926.7444834545454
20,SS1,40,6450,-172.81293711,57.95116384,3896.7532380000002,146.1698444
20,SS1,40,6460,-172.83169525454545,58.03808040909091,3891.5034292727273,537.9149398181819
20,SS1,40,6470,-172.85107367272727,58.129126854545454,3886.0027897272726,104.32893990909092
20,SS1,40,6480,-172.87057934545453,58.21983396363636,3880.5029256363637,163.49522854545455
20,SS1,40,6490,-172.88912131,58.306552780000004,3875.2528391,404.8427547
20,SS1,40,6500,-172.90791778181818,58.3933614,3870.003512363636,1068.5222125454545
20,SS1,40,6510,-172.92773837272728,58.48434200909091,3864.5030052727275,870.8431676363638
20,SS1,40,6520,-172.94667090833332,58.571271116666665,3836.2946805,929.30973375
20,SS1,40,6530,-172.96705729090908,58.665405154545454,3828.502613,606.4537187272728
20,SS1,40,6540,-172.98970341818182,58.75366945454545,3786.093145,373.7174778181818
20,SS1,40,6550,-173.01630958181818,58.83957713636364,3716.0015903636363,205.80536290909092
20,SS1,40,6560,-173.02677798181819,58.930653490909094,3710.502037090909,252.5046669090909
20,SS1,40,6570,-173.04524467272728,59.02168514545455,3705.001979,397.59212572727273
20,SS1,40,6580,-173.06415949,59.1084526,3699.7523902000003,123.6322625
20,SS1,40,6590,-173.0838343909091,59.19523538181818,3694.501585818182,40.08382054545454
20,SS1,40,6600,-173.1038462818182,59.28635290909091,3689.0014371818183,62.340129636363635
20,SS1,40,6610,-173.12423755454546,59.377378072727275,3683.501894818182,108.58400672727272
20,SS1,40,6620,-173.14344267,59.46426136,3678.2527049,98.2724662
20,SS1,40,6630,-173.16240174545453,59.55115874545454,3673.0012713636365,65.05495127272727
20,SS1,40,6640,-173.1836213,59.64201887272727,3667.5014044545455,86.03472527272727
20,SS1,40,6650,-173.20332591818183,59.73300492727273,3662.0016603636363,222.53619336363636
20,SS1,40,6660,-173.22385977,59.81973063,3656.7512758000003,255.5945851
20,SS1,40,6670,-173.24387200769232,59.91076274615384,3650.667784615385,179.94398207692308
20,SS1,40,6680,-173.26391069090909,59.998699327272725,3643.5012575454543,237.94923672727273
20,SS1,40,6690,-173.28447270909092,60.08987873636364,3638.001583909091,370.62174627272725
20,SS1,40,6700,-173.30443729,60.17660464,3632.7512222,338.2164794
20,SS1,40,6710,-173.3245823909091,60.26317103636364,3627.5017364545456,238.7574520909091
20,SS1,40,6720,-173.34576227272728,60.3539428,3622.0022926363636,226.92136254545454
20,SS1,40,6730,-173.36631002727273,60.44482940909091,3616.5016570000003,204.79359027272727
20,SS1,40,6740,-173.38522011,60.53162218,3611.2516548,220.2756828
20,SS1,40,6750,-173.40590324545454,60.61806380909091,3606.0018686363637,242.08108527272728
20,SS1,40,6760,-173.4265420181818,60.708551245454544,3600.5014881818183,167.80196472727272
20,SS1,40,6770,-173.44862034545454,60.799024463636364,3595.002691,214.58244563636362
20,SS1,40,6780,-173.4685381818182,60.88979620909091,3589.502269909091,158.509206
20,SS1,40,6790,-173.49171422,60.97628896,3584.2510005,123.49517209999999
20,SS1,40,6800,-173.50797754545454,61.0629323,3579.001687636364,117.25189954545455
20,SS2,40,6280,-172.5031503,56.471345533333334,4060.5024359999998,0
20,SS2,40,6290,-172.5144653,56.52919879090909,4057.0033573636365,74.026972
20,SS2,40,6300,-172.53217057,56.61590884,4051.7523809,598.0125766
20,SS2,40,6310,-172.55007035454545,56.70278348181818,4046.503850818182,0
20,SS2,40,6320,-172.5691615,56.79385264545454,4041.0031167272728,0
20,SS2,40,6330,-172.58831757272728,56.88470576363636,4035.5030898181817,0
20,SS2,40,6340,-172.60616869,56.97145244,4030.2529737,0
20,SS2,40,6350,-172.62428315454545,57.05827984545455,4025.0051811818184,0
20,SS2,40,6360,-172.6446983076923,57.154185376923074,4015.7729758461537,0
20,SS2,40,6370,-172.66213606,57.23817192,3999.2520801,0
20,SS2,40,6380,-172.68080905833332,57.328358808333334,3992.2525386666666,0
20,SS2,40,6390,-172.69919933636365,57.41474450909091,3970.002311181818,0
20,SS2,40,6400,-172.7182707,57.50558562727273,3964.5027489090908,0
20,SS2,40,6410,-172.73736373636365,57.59645408181818,3959.004082636364,0
20,SS2,40,6420,-172.75659223636364,57.68438032727273,3927.731834090909,0
20,SS2,40,6430,-172.7748988,57.77350950909091,3907.5029905454544,0
20,SS2,40,6440,-172.7941511,57.86440990909091,3902.0038823636364,0
20,SS2,40,6450,-172.81293711,57.95116384,3896.7532380000002,0
20,SS2,40,6460,-172.83169525454545,58.03808040909091,3891.5034292727273,0
20,SS2,40,6470,-172.85107367272727,58.129126854545454,3886.0027897272726,0
20,SS2,40,6480,-172.87057934545453,58.21983396363636,3880.5029256363637,0
20,SS2,40,6490,-172.88912131,58.306552780000004,3875.2528391,0
20,SS2,40,6500,-172.90791778181818,58.3933614,3870.003512363636,0
20,SS2,40,6510,-172.92773837272728,58.48434200909091,3864.5030052727275,0
20,SS2,40,6520,-172.94667090833332,58.571271116666665,3836.2946805,0
20,SS2,40,6530,-172.96705729090908,58.665405154545454,3828.502613,0
20,SS2,40,6540,-172.98970341818182,58.75366945454545,3786.093145,0
20,SS2,40,6550,-173.01630958181818,58.83957713636364,3716.0015903636363,0
20,SS2,40,6560,-173.02677798181819,58.930653490909094,3710.502037090909,0
20,SS2,40,6570,-173.04524467272728,59.02168514545455,3705.001979,0
20,SS2,40,6580,-173.06415949,59.1084526,3699.7523902000003,0
20,SS2,40,6590,-173.0838343909091,59.19523538181818,3694.501585818182,0
20,SS2,40,6600,-173.1038462818182,59.28635290909091,3689.0014371818183,0
20,SS2,40,6610,-173.12423755454546,59.377378072727275,3683.501894818182,0
20,SS2,40,6620,-173.14344267,59.46426136,3678.2527049,0
20,SS2,40,6630,-173.16240174545453,59.55115874545454,3673.0012713636365,0
20,SS2,40,6640,-173.1836213,59.64201887272727,3667.5014044545455,0
20,SS2,40,6650,-173.20332591818183,59.73300492727273,3662.0016603636363,0
20,SS2,40,6660,-173.22385977,59.81973063,3656.7512758000003,0
20,SS2,40,6670,-173.24387200769232,59.91076274615384,3650.667784615385,0
20,SS2,40,6680,-173.26391069090909,59.998699327272725,3643.5012575454543,0
20,SS2,40,6690,-173.28447270909092,60.08987873636364,3638.001583909091,0
20,SS2,40,6700,-173.30443729,60.17660464,3632.7512222,0
20,SS2,40,6710,-173.3245823909091,60.26317103636364,3627.5017364545456,0
20,SS2,40,6720,-173.34576227272728,60.3539428,3622.0022926363636,0
20,SS2,40,6730,-173.36631002727273,60.44482940909091,3616.5016570000003,0
20,SS2,40,6740,-173.38522011,60.53162218,3611.2516548,0
20,SS2,40,6750,-173.40590324545454,60.61806380909091,3606.0018686363637,0
20,SS2,40,6760,-173.4265420181818,60.708551245454544,3600.5014881818183,0
20,SS2,40,6770,-173.44862034545454,60.799024463636364,3595.002691,0
20,SS2,40,6780,-173.4685381818182,60.88979620909091,3589.502269909091,0
20,SS2,40,6790,-173.49171422,60.97628896,3584.2510005,0
20,SS2,40,6800,-173.50797754545454,61.0629323,3579.001687636364,0
22,BT,-40,6340,-173.819677,56.9305098,4115.503966,1.547993
22,BT,-40,6350,-173.83088662727272,56.98003235454546,4118.504263363637,14.858993818181817
22,BT,-40,6360,-173.85403558181818,57.07089184545455,4124.004542181819,8.150888272727272
22,BT,-40,6370,-173.87610798,57.15769888,4129.2538841,42.6872537
22,BT,-40,6380,-173.8956875909091,57.244528927272725,4134.504164545455,1.5294657272727274
22,BT,-40,6390,-173.91901876363636,57.33506075454545,4140.003194,5.805587272727273
22,BT,-40,6400,-173.9431842,57.42553885454545,4145.503789818182,23.32666936363636
22,BT,-40,6410,-173.9641147181818,57.51616733636364,4151.003622,108.34320736363638
22,BT,-40,6420,-173.98538779999998,57.602881446153845,4178.694972153846,44.286585230769234
22,BT,-40,6430,-174.00830655454544,57.693088554545454,4191.502008454546,83.98841727272728
22,BT,-40,6440,-174.02942287,57.77940956,4196.7530502,6.8409462
22,BT,-40,6450,-174.05170507272726,57.865911818181814,4202.004790909091,0.43642427272727274
22,BT,-40,6460,-174.07464116363636,57.95663043636364,4207.505095090909,1.7121737272727273
22,BT,-40,6470,-174.09660554545454,58.04739390909091,4213.004711909091,154.46319981818183
22,BT,-40,6480,-174.11877561,58.13399577,4218.2534747,90.9381322
22,BT,-40,6490,-174.14121124545454,58.22061579090909,4223.502435090909,37.57483409090909
22,BT,-40,6500,-174.16409936363635,58.31142193636364,4229.001775636363,189.79669927272727
22,BT,-40,6510,-174.18679428181818,58.398256318181815,4241.501777090909,34.29327772727273
22,BT,-40,6520,-174.2095144,58.48662982727273,4251.001805090908,23.79679054545455
22,BT,-40,6530,-174.23247871818182,58.57713745454545,4256.501994909091,7.4802479090909095
22,BT,-40,6540,-174.25603174545455,58.66786241818182,4262.0018784545455,2.991150181818182
22,BT,-40,6550,-174.27825251000002,58.75459827,4267.251916900001,13.4600191
22,BT,-40,6560,-174.30065434545455,58.84111378181818,4272.502299,10.341598727272727
22,BT,-40,6570,-174.32488285833332,58.9320376,4295.5087604166665,5.44733525
22,BT,-40,6580,-174.34793913636364,59.02296984545455,4318.502377727273,7.0329465454545455
22,BT,-40,6590,-174.37070689,59.10970112,4323.7524253,10.2216816
22,BT,-40,6600,-174.39279092727273,59.19651103636364,4329.002356090909,22.860149
22,BT,-40,6610,-174.41703311818182,59.28718682727273,4334.502388090909,51.97413709090909
22,BT,-40,6620,-174.4413161,59.380663158333334,4343.16896025,16.01580925
22,BT,-40,6630,-174.46279823,59.46499864,4363.2522772,30.7034677
22,BT,-40,6640,-174.48668335454545,59.55154567272727,4368.502691818182,28.57594881818182
22,BT,-40,6650,-174.4994152,59.6010462,4371.501635,44.725931
22,BT,-30,6650,-174.51083475,59.64650648,4374.2520943,34.408981
22,BT,-30,6660,-174.53495814545454,59.733102227272724,4379.501355363636,51.67794490909091
22,BT,-30,6670,-174.55742530999999,59.81977093,4384.7517169,84.90639110000001
22,BT,-30,6680,-174.5806848090909,59.906283518181816,4390.002193090909,52.60606045454546
22,BT,-30,6690,-174.6048169,59.99695949090909,4395.501530909091,77.15449054545455
22,BT,-30,6700,-174.6290558909091,60.08770489090909,4401.001501272727,141.08972281818183
22,BT,-30,6710,-174.65246833999998,60.17424028,4406.2517941,98.8136221
22,BT,-30,6720,-174.67553055454545,60.26058990909091,4411.501766181818,45.084306545454545
22,BT,-30,6730,-174.7001913090909,60.35110397272727,4417.0023944545455,38.48884390909091
22,BT,-30,6740,-174.72536591666668,60.44426655,4435.424653583334,29.987137416666666
22,BT,-30,6750,-174.74913675454545,60.53005739090909,4504.501544363637,70.38268727272727
22,BT,-30,6760,-174.77273006000001,60.616920300000004,4509.7527108,201.99953999999997
22,BT,-30,6770,-174.79660588181818,60.70366244545455,4515.001746272727,192.53163354545455
22,BT,-30,6780,-174.82133131818182,60.79427653636363,4520.501821727273,225.60025709090908
22,BT,-30,6790,-174.84703513333332,60.887679175,4528.585709083333,37.736788
22,BT,-30,6800,-174.86974692,60.97204583,4545.7521406,60.2570627
22,BT,-30,6810,-174.8941756181818,61.05860907272727,4551.001805909091,51.90843963636364
22,BT,-30,6820,-174.91908623636363,61.1493515,4556.501637454546,45.15229909090909
22,BT,-30,6830,-174.9440412,61.24016602727273,4562.002147,49.03791790909091
22,BT,-30,6840,-174.96399146666667,61.310261016666665,4566.25152,8.259643333333333
22,SS1,-40,6340,-173.819677,56.9305098,4115.503966,0
22,SS1,-40,6350,-173.83088662727272,56.98003235454546,4118.504263363637,0
22,SS1,-40,6360,-173.85403558181818,57.07089184545455,4124.004542181819,0
22,SS1,-40,6370,-173.87610798,57.15769888,4129.2538841,0
22,SS1,-40,6380,-173.8956875909091,57.244528927272725,4134.504164545455,0
22,SS1,-40,6390,-173.91901876363636,57.33506075454545,4140.003194,0
22,SS1,-40,6400,-173.9431842,57.42553885454545,4145.503789818182,0
22,SS1,-40,6410,-173.9641147181818,57.51616733636364,4151.003622,151.71853136363634
22,SS1,-40,6420,-173.98538779999998,57.602881446153845,4178.694972153846,93.38477307692308
22,SS1,-40,6430,-174.00830655454544,57.693088554545454,4191.502008454546,193.535483
22,SS1,-40,6440,-174.02942287,57.77940956,4196.7530502,0
22,SS1,-40,6450,-174.05170507272726,57.865911818181814,4202.004790909091,0
22,SS1,-40,6460,-174.07464116363636,57.95663043636364,4207.505095090909,0
22,SS1,-40,6470,-174.09660554545454,58.04739390909091,4213.004711909091,575.6948047272728
22,SS1,-40,6480,-174.11877561,58.13399577,4218.2534747,421.0885431
22,SS1,-40,6490,-174.14121124545454,58.22061579090909,4223.502435090909,203.57662381818182
22,SS1,-40,6500,-174.16409936363635,58.31142193636364,4229.001775636363,331.7891685454546
22,SS1,-40,6510,-174.18679428181818,58.398256318181815,4241.501777090909,665.5300908181819
22,SS1,-40,6520,-174.2095144,58.48662982727273,4251.001805090908,446.82779045454544
22,SS1,-40,6530,-174.23247871818182,58.57713745454545,4256.501994909091,442.0701919090909
22,SS1,-40,6540,-174.25603174545455,58.66786241818182,4262.0018784545455,721.1992082727273
22,SS1,-40,6550,-174.27825251000002,58.75459827,4267.251916900001,1271.7132262
22,SS1,-40,6560,-174.30065434545455,58.84111378181818,4272.502299,953.2454273636363
22,SS1,-40,6570,-174.32488285833332,58.9320376,4295.5087604166665,574.11635325
22,SS1,-40,6580,-174.34793913636364,59.02296984545455,4318.502377727273,1035.8661632727274
22,SS1,-40,6590,-174.37070689,59.10970112,4323.7524253,645.8894337
22,SS1,-40,6600,-174.39279092727273,59.19651103636364,4329.002356090909,502.055287
22,SS1,-40,6610,-174.41703311818182,59.28718682727273,4334.502388090909,706.1339360909092
22,SS1,-40,6620,-174.4413161,59.380663158333334,4343.16896025,633.2631401666666
22,SS1,-40,6630,-174.46279823,59.46499864,4363.2522772,424.5405766
22,SS1,-40,6640,-174.48668335454545,59.55154567272727,4368.502691818182,246.1076700909091
22,SS1,-40,6650,-174.4994152,59.6010462,4371.501635,85.426876
22,SS1,-30,6650,-174.51083475,59.64650648,4374.2520943,133.6563766
22,SS1,-30,6660,-174.53495814545454,59.733102227272724,4379.501355363636,204.99837727272728
22,SS1,-30,6670,-174.55742530999999,59.81977093,4384.7517169,432.3006084
22,SS1,-30,6680,-174.5806848090909,59.906283518181816,4390.002193090909,183.20426618181818
22,SS1,-30,6690,-174.6048169,59.99695949090909,4395.501530909091,230.859172
22,SS1,-30,6700,-174.6290558909091,60.08770489090909,4401.001501272727,459.9610431818182
22,SS1,-30,6710,-174.65246833999998,60.17424028,4406.2517941,380.2403256
22,SS1,-30,6720,-174.67553055454545,60.26058990909091,4411.501766181818,597.5371985454545
22,SS1,-30,6730,-174.7001913090909,60.35110397272727,4417.0023944545455,638.1851498181818
22,SS1,-30,6740,-174.72536591666668,60.44426655,4435.424653583334,538.7663785
22,SS1,-30,6750,-174.74913675454545,60.53005739090909,4504.501544363637,390.4438908181818
22,SS1,-30,6760,-174.77273006000001,60.616920300000004,4509.7527108,281.764604
22,SS1,-30,6770,-174.79660588181818,60.70366244545455,4515.001746272727,345.0586966363636
22,SS1,-30,6780,-174.82133131818182,60.79427653636363,4520.501821727273,450.22823118181816
22,SS1,-30,6790,-174.84703513333332,60.887679175,4528.585709083333,355.24167516666665
22,SS1,-30,6800,-174.86974692,60.97204583,4545.7521406,493.2941391
22,SS1,-30,6810,-174.8941756181818,61.05860907272727,4551.001805909091,774.654832090909
22,SS1,-30,6820,-174.91908623636363,61.1493515,4556.501637454546,548.2580368181818
22,SS1,-30,6830,-174.9440412,61.24016602727273,4562.002147,224.0151388181818
22,SS1,-30,6840,-174.96399146666667,61.310261016666665,4566.25152,168.8836445
22,SS2,-40,6340,-173.819677,56.9305098,4115.503966,0
22,SS2,-40,6350,-173.83088662727272,56.98003235454546,4118.504263363637,0
22,SS2,-40,6360,-173.85403558181818,57.07089184545455,4124.004542181819,0
22,SS2,-40,6370,-173.87610798,57.15769888,4129.2538841,304.6332665
22,SS2,-40,6380,-173.8956875909091,57.244528927272725,4134.504164545455,68.16918845454545
22,SS2,-40,6390,-173.91901876363636,57.33506075454545,4140.003194,31.115461090909093
22,SS2,-40,6400,-173.9431842,57.42553885454545,4145.503789818182,412.00470527272734
22,SS2,-40,6410,-173.9641147181818,57.51616733636364,4151.003622,1022.5110915454545
22,SS2,-40,6420,-173.98538779999998,57.602881446153845,4178.694972153846,0
22,SS2,-40,6430,-174.00830655454544,57.693088554545454,4191.502008454546,3.063993727272727
22,SS2,-40,6440,-174.02942287,57.77940956,4196.7530502,8.532760099999999
22,SS2,-40,6450,-174.05170507272726,57.865911818181814,4202.004790909091,26.978066727272726
22,SS2,-40,6460,-174.07464116363636,57.95663043636364,4207.505095090909,153.83867536363636
22,SS2,-40,6470,-174.09660554545454,58.04739390909091,4213.004711909091,102.26807945454544
22,SS2,-40,6480,-174.11877561,58.13399577,4218.2534747,0
22,SS2,-40,6490,-174.14121124545454,58.22061579090909,4223.502435090909,0
22,SS2,-40,6500,-174.16409936363635,58.31142193636364,4229.001775636363,0
22,SS2,-40,6510,-174.18679428181818,58.398256318181815,4241.501777090909,0
22,SS2,-40,6520,-174.2095144,58.48662982727273,4251.001805090908,0
22,SS2,-40,6530,-174.23247871818182,58.57713745454545,4256.501994909091,0
22,SS2,-40,6540,-174.25603174545455,58.66786241818182,4262.0018784545455,0
22,SS2,-40,6550,-174.27825251000002,58.75459827,4267.251916900001,0
22,SS2,-40,6560,-174.30065434545455,58.84111378181818,4272.502299,0
22,SS2,-40,6570,-174.32488285833332,58.9320376,4295.5087604166665,0
22,SS2,-40,6580,-174.34793913636364,59.02296984545455,4318.502377727273,0
22,SS2,-40,6590,-174.37070689,59.10970112,4323.7524253,0
22,SS2,-40,6600,-174.39279092727273,59.19651103636364,4329.002356090909,0
22,SS2,-40,6610,-174.41703311818182,59.28718682727273,4334.502388090909,0
22,SS2,-40,6620,-174.4413161,59.380663158333334,4343.16896025,0
22,SS2,-40,6630,-174.46279823,59.46499864,4363.2522772,0
22,SS2,-40,6640,-174.48668335454545,59.55154567272727,4368.502691818182,0
22,SS2,-40,6650,-174.4994152,59.6010462,4371.501635,0
22,SS2,-30,6650,-174.51083475,59.64650648,4374.2520943,0
22,SS2,-30,6660,-174.53495814545454,59.733102227272724,4379.501355363636,0
22,SS2,-30,6670,-174.55742530999999,59.81977093,4384.7517169,0
22,SS2,-30,6680,-174.5806848090909,59.906283518181816,4390.002193090909,0
22,SS2,-30,6690,-174.6048169,59.99695949090909,4395.501530909091,0
22,SS2,-30,6700,-174.6290558909091,60.08770489090909,4401.001501272727,0
22,SS2,-30,6710,-174.65246833999998,60.17424028,4406.2517941,0
22,SS2,-30,6720,-174.67553055454545,60.26058990909091,4411.501766181818,0
22,SS2,-30,6730,-174.7001913090909,60.35110397272727,4417.0023944545455,0
22,SS2,-30,6740,-174.72536591666668,60.44426655,4435.424653583334,0
22,SS2,-30,6750,-174.74913675454545,60.53005739090909,4504.501544363637,0
22,SS2,-30,6760,-174.77273006000001,60.616920300000004,4509.7527108,0
22,SS2,-30,6770,-174.79660588181818,60.70366244545455,4515.001746272727,0
22,SS2,-30,6780,-174.82133131818182,60.79427653636363,4520.501821727273,0
22,SS2,-30,6790,-174.84703513333332,60.887679175,4528.585709083333,0
22,SS2,-30,6800,-174.86974692,60.97204583,4545.7521406,0
22,SS2,-30,6810,-174.8941756181818,61.05860907272727,4551.001805909091,0
22,SS2,-30,6820,-174.91908623636363,61.1493515,4556.501637454546,0
22,SS2,-30,6830,-174.9440412,61.24016602727273,4562.002147,0
22,SS2,-30,6840,-174.96399146666667,61.310261016666665,4566.25152,0
24,BT,-110,6500,-175.4220594,58.243923966666664,4950.003296666667,12.113062
24,BT,-110,6510,-175.44019802727271,58.301313954545456,4946.504253,1.1378808181818183
24,BT,-110,6520,-175.46673526363637,58.39164049090909,4941.002473090909,31.377969818181818
24,BT,-110,6530,-175.49352498181818,58.48206155454545,4935.501973727273,77.80567018181817
24,BT,-110,6540,-175.51919639,58.56852079,4930.2522723,44.5548374
24,BT,-110,6550,-175.54502787272727,58.65472601818182,4925.001497727273,81.08298818181818
24,BT,-110,6560,-175.57228915833335,58.746706808333336,4918.251742,240.07568899999998
24,BT,-110,6570,-175.59935812727272,58.83634928181818,4910.501462,180.07130663636363
24,BT,-110,6580,-175.62466875,58.92265192,4905.2516877,435.6934533
24,BT,-110,6590,-175.6497309,59.005458775,4890.751782666667,396.17709583333334
24,BT,-110,6600,-175.67741997272728,59.09728418181818,4882.0020897272725,154.439185
24,BT,-110,6610,-175.70484173636362,59.18719072727273,4876.502302181818,424.5583285454545
24,BT,-110,6620,-175.73088568333333,59.274033966666664,4863.46111675,90.09206775
24,BT,-110,6630,-175.75842389090909,59.362996154545456,4852.502610363636,31.84231509090909
24,BT,-110,6640,-175.78395871818182,59.453500218181816,4847.002112818182,28.314414272727273
24,BT,-110,6650,-175.81169141,59.53967716,4841.7523094,51.9353588
24,BT,-110,6660,-175.83729281818182,59.625913181818184,4836.502130454545,27.890600545454546
24,BT,-110,6670,-175.865065525,59.71475778333333,4811.502455166667,12.331105333333333
24,BT,-110,6680,-175.89371364545454,59.803510418181816,4786.502681909091,15.356570818181817
24,BT,-110,6690,-175.92132843636364,59.893578309090906,4781.002470909091,22.066450090909093
24,BT,-110,6700,-175.94897141818183,59.98384235454545,4775.502111636363,16.36137309090909
24,BT,-110,6710,-175.97551904,60.07017387,4770.2512461,15.6298348
24,BT,-110,6720,-176.00244047272727,60.15661501818182,4765.001472454545,21.345288272727274
24,BT,-110,6730,-176.0308061909091,60.247066645454545,4759.501840272727,23.739687
24,BT,-110,6740,-176.0588657909091,60.33712819090909,4754.001725,40.244659
24,BT,-110,6750,-176.08535733,60.42322739,4748.7515189000005,28.0805982
24,BT,-110,6760,-176.11390966666667,60.51297803333333,4742.168233333334,26.838624250000002
24,BT,-110,6770,-176.14117976363636,60.59974779090909,4724.501865545454,37.15795918181818
24,BT,-110,6780,-176.1700723090909,60.689851554545456,4719.000846,52.71817836363636
24,BT,-110,6790,-176.19700977,60.77606801,4713.7519819,56.7011288
24,BT,-110,6800,-176.22613257692308,60.86666893846154,4707.238223,35.43535161538461
24,BT,-110,6810,-176.2557753090909,60.956556772727275,4699.501409727272,44.656676
24,BT,-110,6820,-176.28302845454544,61.046283654545455,4693.7773178181815,65.05419727272727
24,BT,-110,6830,-176.31024481,61.12958132,4686.2516895,133.4201359
24,BT,-110,6840,-176.3374960818182,61.21584240909091,4681.001695272727,145.89654336363637
24,BT,-110,6850,-176.3665912090909,61.30602222727273,4675.502002727273,243.10334472727274
24,BT,-110,6860,-176.39388955833334,61.39100216666667,4662.0849591666665,114.49905933333332
24,BT,-110,6870,-176.42208025454545,61.48075138181818,4652.502281090909,82.76039027272728
24,BT,-110,6880,-176.45314615454546,61.57084653636364,4647.001594,7.944918454545456
24,BT,-110,6890,-176.48170077272727,61.661437,4641.501610272728,0.5551704545454546
24,BT,-110,6900,-176.511641,61.74781866,4636.2518515,4.7808907
24,BT,-110,6910,-176.5391561909091,61.83423947272727,4631.001528818182,3.5490341818181816
24,BT,-110,6920,-176.5577713,61.8834277,4628.001442,0.417995
24,SS1,-110,6500,-175.4220594,58.243923966666664,4950.003296666667,0
24,SS1,-110,6510,-175.44019802727271,58.301313954545456,4946.504253,7.221892999999999
24,SS1,-110,6520,-175.46673526363637,58.39164049090909,4941.002473090909,51.012200909090915
24,SS1,-110,6530,-175.49352498181818,58.48206155454545,4935.501973727273,83.79123036363636
24,SS1,-110,6540,-175.51919639,58.56852079,4930.2522723,352.0993648
24,SS1,-110,6550,-175.54502787272727,58.65472601818182,4925.001497727273,843.094317
24,SS1,-110,6560,-175.57228915833335,58.746706808333336,4918.251742,1874.89278225
24,SS1,-110,6570,-175.59935812727272,58.83634928181818,4910.501462,1744.1112424545454
24,SS1,-110,6580,-175.62466875,58.92265192,4905.2516877,1170.6070404
24,SS1,-110,6590,-175.6497309,59.005458775,4890.751782666667,1615.8679573333334
24,SS1,-110,6600,-175.67741997272728,59.09728418181818,4882.0020897272725,692.3964002727273
24,SS1,-110,6610,-175.70484173636362,59.18719072727273,4876.502302181818,2098.343038818182
24,SS1,-110,6620,-175.73088568333333,59.274033966666664,4863.46111675,670.3024964166667
24,SS1,-110,6630,-175.75842389090909,59.362996154545456,4852.502610363636,179.77119118181818
24,SS1,-110,6640,-175.78395871818182,59.453500218181816,4847.002112818182,217.9725729090909
24,SS1,-110,6650,-175.81169141,59.53967716,4841.7523094,139.136503
24,SS1,-110,6660,-175.83729281818182,59.625913181818184,4836.502130454545,118.08507881818181
24,SS1,-110,6670,-175.865065525,59.71475778333333,4811.502455166667,140.19339883333333
24,SS1,-110,6680,-175.89371364545454,59.803510418181816,4786.502681909091,166.99935263636362
24,SS1,-110,6690,-175.92132843636364,59.893578309090906,4781.002470909091,212.26208336363635
24,SS1,-110,6700,-175.94897141818183,59.98384235454545,4775.502111636363,140.4776620909091
24,SS1,-110,6710,-175.97551904,60.07017387,4770.2512461,158.800058
24,SS1,-110,6720,-176.00244047272727,60.15661501818182,4765.001472454545,147.670637
24,SS1,-110,6730,-176.0308061909091,60.247066645454545,4759.501840272727,160.70762672727273
24,SS1,-110,6740,-176.0588657909091,60.33712819090909,4754.001725,181.2929879090909
24,SS1,-110,6750,-176.08535733,60.42322739,4748.7515189000005,185.3379507
24,SS1,-110,6760,-176.11390966666667,60.51297803333333,4742.168233333334,202.66532475
24,SS1,-110,6770,-176.14117976363636,60.59974779090909,4724.501865545454,252.40258427272727
24,SS1,-110,6780,-176.1700723090909,60.689851554545456,4719.000846,475.9901691818182
24,SS1,-110,6790,-176.19700977,60.77606801,4713.7519819,255.0992444
24,SS1,-110,6800,-176.22613257692308,60.86666893846154,4707.238223,272.69011984615383
24,SS1,-110,6810,-176.2557753090909,60.956556772727275,4699.501409727272,281.96579027272725
24,SS1,-110,6820,-176.28302845454544,61.046283654545455,4693.7773178181815,402.6103687272727
24,SS1,-110,6830,-176.31024481,61.12958132,4686.2516895,828.8248123
24,SS1,-110,6840,-176.3374960818182,61.21584240909091,4681.001695272727,747.9359065454546
24,SS1,-110,6850,-176.3665912090909,61.30602222727273,4675.502002727273,1257.321291
24,SS1,-110,6860,-176.39388955833334,61.39100216666667,4662.0849591666665,928.2384613333334
24,SS1,-110,6870,-176.42208025454545,61.48075138181818,4652.502281090909,585.7158317272728
24,SS1,-110,6880,-176.45314615454546,61.57084653636364,4647.001594,120.52381572727273
24,SS1,-110,6890,-176.48170077272727,61.661437,4641.501610272728,36.99927136363637
24,SS1,-110,6900,-176.511641,61.74781866,4636.2518515,74.9433045
24,SS1,-110,6910,-176.5391561909091,61.83423947272727,4631.001528818182,76.07482663636364
24,SS1,-110,6920,-176.5577713,61.8834277,4628.001442,87.584999
24,SS2,-110,6500,-175.4220594,58.243923966666664,4950.003296666667,0
24,SS2,-110,6510,-175.44019802727271,58.301313954545456,4946.504253,0
24,SS2,-110,6520,-175.46673526363637,58.39164049090909,4941.002473090909,0
24,SS2,-110,6530,-175.49352498181818,58.48206155454545,4935.501973727273,0
24,SS2,-110,6540,-175.51919639,58.56852079,4930.2522723,0
24,SS2,-110,6550,-175.54502787272727,58.65472601818182,4925.001497727273,0
24,SS2,-110,6560,-175.57228915833335,58.746706808333336,4918.251742,0
24,SS2,-110,6570,-175.59935812727272,58.83634928181818,4910.501462,0
24,SS2,-110,6580,-175.62466875,58.92265192,4905.2516877,0
24,SS2,-110,6590,-175.6497309,59.005458775,4890.751782666667,0
24,SS2,-110,6600,-175.67741997272728,59.09728418181818,4882.0020897272725,0
24,SS2,-110,6610,-175.70484173636362,59.18719072727273,4876.502302181818,0
24,SS2,-110,6620,-175.73088568333333,59.274033966666664,4863.46111675,0
24,SS2,-110,6630,-175.75842389090909,59.362996154545456,4852.502610363636,0
24,SS2,-110,6640,-175.78395871818182,59.453500218181816,4847.002112818182,0
24,SS2,-110,6650,-175.81169141,59.53967716,4841.7523094,0
24,SS2,-110,6660,-175.83729281818182,59.625913181818184,4836.502130454545,0
24,SS2,-110,6670,-175.865065525,59.71475778333333,4811.502455166667,0
24,SS2,-110,6680,-175.89371364545454,59.803510418181816,4786.502681909091,0
24,SS2,-110,6690,-175.92132843636364,59.893578309090906,4781.002470909091,0
24,SS2,-110,6700,-175.94897141818183,59.98384235454545,4775.502111636363,0
24,SS2,-110,6710,-175.97551904,60.07017387,4770.2512461,0
24,SS2,-110,6720,-176.00244047272727,60.15661501818182,4765.001472454545,0
24,SS2,-110,6730,-176.0308061909091,60.247066645454545,4759.501840272727,0
24,SS2,-110,6740,-176.0588657909091,60.33712819090909,4754.001725,0
24,SS2,-110,6750,-176.08535733,60.42322739,4748.7515189000005,0
24,SS2,-110,6760,-176.11390966666667,60.51297803333333,4742.168233333334,0
24,SS2,-110,6770,-176.14117976363636,60.59974779090909,4724.501865545454,0
24,SS2,-110,6780,-176.1700723090909,60.689851554545456,4719.000846,0
24,SS2,-110,6790,-176.19700977,60.77606801,4713.7519819,0
24,SS2,-110,6800,-176.22613257692308,60.86666893846154,4707.238223,0
24,SS2,-110,6810,-176.2557753090909,60.956556772727275,4699.501409727272,0
24,SS2,-110,6820,-176.28302845454544,61.046283654545455,4693.7773178181815,0
24,SS2,-110,6830,-176.31024481,61.12958132,4686.2516895,0
24,SS2,-110,6840,-176.3374960818182,61.21584240909091,4681.001695272727,0
24,SS2,-110,6850,-176.3665912090909,61.30602222727273,4675.502002727273,0
24,SS2,-110,6860,-176.39388955833334,61.39100216666667,4662.0849591666665,0
24,SS2,-110,6870,-176.42208025454545,61.48075138181818,4652.502281090909,0
24,SS2,-110,6880,-176.45314615454546,61.57084653636364,4647.001594,0
24,SS2,-110,6890,-176.48170077272727,61.661437,4641.501610272728,0
24,SS2,-110,6900,-176.511641,61.74781866,4636.2518515,0
24,SS2,-110,6910,-176.5391561909091,61.83423947272727,4631.001528818182,0
24,SS2,-110,6920,-176.5577713,61.8834277,4628.001442,0
25,BT,-150,6540,-176.12607286666668,58.520266066666665,6096.504451777778,0.6829706666666666
25,BT,-150,6550,-176.15199734545453,58.60231805454546,6091.502867363636,11.024750181818183
25,BT,-150,6560,-176.17960546363636,58.69286372727273,6086.0024655454545,10.138361818181819
25,BT,-150,6570,-176.20979262727272,58.78333124545455,6080.501951454546,27.78819718181818
25,BT,-150,6580,-176.23867406,58.86959919,6075.2522212,20.4922513
25,BT,-150,6590,-176.26660274545455,58.95588356363636,6070.002451090909,43.50421118181818
25,BT,-150,6600,-176.29635834545454,59.04611527272727,6064.502417181819,120.16209772727272
25,BT,-150,6610,-176.32395712727273,59.13617393636364,6059.002174818182,128.29388945454545
25,BT,-150,6620,-176.3531051,59.22195164,6053.7525745,126.1968852
25,BT,-150,6630,-176.38128485454544,59.307954045454544,6048.501808727273,190.43456554545455
25,BT,-150,6640,-176.41052502727274,59.39807769090909,6043.002896636363,383.9069042727273
25,BT,-150,6650,-176.43995437272727,59.48838494545455,6037.502947636363,286.3294661818182
25,BT,-150,6660,-176.46873187,59.57465804,6032.2524441,194.4985822
25,BT,-150,6670,-176.49687117272728,59.660808281818184,6027.002222727273,165.60255354545455
25,BT,-150,6680,-176.52701238181817,59.75084360909091,6021.502554090909,388.4219449090909
25,BT,-150,6690,-176.55685895454545,59.841153681818184,6016.003181545455,684.8742273636364
25,BT,-150,6700,-176.58503479,59.92755268,6010.7528026,284.8933173
25,BT,-150,6710,-176.614228,60.01384326363636,6005.501900727273,43.90159409090909
25,BT,-150,6720,-176.64451287272726,60.10427009090909,6000.001645727273,82.45065845454545
25,BT,-150,6730,-176.67362567,60.19045493,5994.7526465,93.1458279
25,BT,-150,6740,-176.6900863,60.239797300000006,5991.7509764999995,65.58011
25,BT,-140,6740,-176.7049324888889,60.28497775555555,5989.001850111111,35.802816
25,BT,-140,6750,-176.73288117272728,60.3671082,5984.002493818181,55.69385736363636
25,BT,-140,6760,-176.76357532727272,60.457388054545454,5978.502245272727,116.15817745454545
25,BT,-140,6770,-176.79223642,60.54356028,5973.2523727,82.311966
25,BT,-140,6780,-176.8217213909091,60.62972291818182,5968.002093090909,71.15813409090909
25,BT,-140,6790,-176.85290071818181,60.72002129090909,5962.502372727273,88.91918363636364
25,BT,-140,6800,-176.88322556363636,60.81034233636364,5957.001922181818,55.608453272727274
25,BT,-140,6810,-176.91265433,60.89642763,5951.7515287,82.8332037
25,BT,-140,6820,-176.94248260909092,60.98243489090909,5946.502476545455,139.2035949090909
25,BT,-140,6830,-176.97363512727273,61.07234831818182,5941.001433363636,182.84693527272728
25,BT,-140,6840,-177.00425261818182,61.16232138181818,5935.501970909091,77.63433663636364
25,BT,-140,6850,-177.0348672909091,61.24734123636364,5885.411735727273,34.46985827272727
25,BT,-140,6860,-177.06514396363636,61.33640273636364,5870.002158181818,34.31790381818182
25,BT,-140,6870,-177.0962824,61.426592536363636,5864.5025124545455,14.368822727272727
25,BT,-140,6880,-177.12705979999998,61.51284816,5859.2516253,24.7532868
25,BT,-140,6890,-177.14431706666667,61.565913933333334,5856.001428333333,22.865797333333333
25,SS1,-150,6540,-176.12607286666668,58.520266066666665,6096.504451777778,36.23694144444445
25,SS1,-150,6550,-176.15199734545453,58.60231805454546,6091.502867363636,2850.524033818182
25,SS1,-150,6560,-176.17960546363636,58.69286372727273,6086.0024655454545,7292.074438
25,SS1,-150,6570,-176.20979262727272,58.78333124545455,6080.501951454546,3638.7344637272727
25,SS1,-150,6580,-176.23867406,58.86959919,6075.2522212,1855.6229277000002
25,SS1,-150,6590,-176.26660274545455,58.95588356363636,6070.002451090909,2289.9235623636364
25,SS1,-150,6600,-176.29635834545454,59.04611527272727,6064.502417181819,2955.8142464545454
25,SS1,-150,6610,-176.32395712727273,59.13617393636364,6059.002174818182,1274.9712226363636
25,SS1,-150,6620,-176.3531051,59.22195164,6053.7525745,1486.6468622
25,SS1,-150,6630,-176.38128485454544,59.307954045454544,6048.501808727273,2072.8337102727273
25,SS1,-150,6640,-176.41052502727274,59.39807769090909,6043.002896636363,2108.485072727273
25,SS1,-150,6650,-176.43995437272727,59.48838494545455,6037.502947636363,3006.341515181818
25,SS1,-150,6660,-176.46873187,59.57465804,6032.2524441,2225.8179956999998
25,SS1,-150,6670,-176.49687117272728,59.660808281818184,6027.002222727273,1001.9522171818182
25,SS1,-150,6680,-176.52701238181817,59.75084360909091,6021.502554090909,2804.0992054545454
25,SS1,-150,6690,-176.55685895454545,59.841153681818184,6016.003181545455,2387.5837732727273
25,SS1,-150,6700,-176.58503479,59.92755268,6010.7528026,993.7636736
25,SS1,-150,6710,-176.614228,60.01384326363636,6005.501900727273,320.0893332727273
25,SS1,-150,6720,-176.64451287272726,60.10427009090909,6000.001645727273,272.6669308181818
25,SS1,-150,6730,-176.67362567,60.19045493,5994.7526465,319.9604599
25,SS1,-150,6740,-176.6900863,60.239797300000006,5991.7509764999995,335.78100400000005
25,SS1,-140,6740,-176.7049324888889,60.28497775555555,5989.001850111111,264.2124292222222
25,SS1,-140,6750,-176.73288117272728,60.3671082,5984.002493818181,304.66044872727275
25,SS1,-140,6760,-176.76357532727272,60.457388054545454,5978.502245272727,474.5782288181818
25,SS1,-140,6770,-176.79223642,60.54356028,5973.2523727,351.0175244
25,SS1,-140,6780,-176.8217213909091,60.62972291818182,5968.002093090909,543.8998211818182
25,SS1,-140,6790,-176.85290071818181,60.72002129090909,5962.502372727273,178.98415772727273
25,SS1,-140,6800,-176.88322556363636,60.81034233636364,5957.001922181818,223.02102845454544
25,SS1,-140,6810,-176.91265433,60.89642763,5951.7515287,340.3382321
25,SS1,-140,6820,-176.94248260909092,60.98243489090909,5946.502476545455,494.9666010909091
25,SS1,-140,6830,-176.97363512727273,61.07234831818182,5941.001433363636,370.23722372727275
25,SS1,-140,6840,-177.00425261818182,61.16232138181818,5935.501970909091,390.6795127272727
25,SS1,-140,6850,-177.0348672909091,61.24734123636364,5885.411735727273,351.71303654545454
25,SS1,-140,6860,-177.06514396363636,61.33640273636364,5870.002158181818,327.10756472727275
25,SS1,-140,6870,-177.0962824,61.426592536363636,5864.5025124545455,283.7647402727273
25,SS1,-140,6880,-177.12705979999998,61.51284816,5859.2516253,345.1446686
25,SS1,-140,6890,-177.14431706666667,61.565913933333334,5856.001428333333,545.71498
25,SS2,-150,6540,-176.12607286666668,58.520266066666665,6096.504451777778,0
25,SS2,-150,6550,-176.15199734545453,58.60231805454546,6091.502867363636,0
25,SS2,-150,6560,-176.17960546363636,58.69286372727273,6086.0024655454545,0
25,SS2,-150,6570,-176.20979262727272,58.78333124545455,6080.501951454546,0
25,SS2,-150,6580,-176.23867406,58.86959919,6075.2522212,0
25,SS2,-150,6590,-176.26660274545455,58.95588356363636,6070.002451090909,0
25,SS2,-150,6600,-176.29635834545454,59.04611527272727,6064.502417181819,0
25,SS2,-150,6610,-176.32395712727273,59.13617393636364,6059.002174818182,0
25,SS2,-150,6620,-176.3531051,59.22195164,6053.7525745,0
25,SS2,-150,6630,-176.38128485454544,59.307954045454544,6048.501808727273,0
25,SS2,-150,6640,-176.41052502727274,59.39807769090909,6043.002896636363,0
25,SS2,-150,6650,-176.43995437272727,59.48838494545455,6037.502947636363,0
25,SS2,-150,6660,-176.46873187,59.57465804,6032.2524441,0
25,SS2,-150,6670,-176.49687117272728,59.660808281818184,6027.002222727273,0
25,SS2,-150,6680,-176.52701238181817,59.75084360909091,6021.502554090909,0
25,SS2,-150,6690,-176.55685895454545,59.841153681818184,6016.003181545455,0
25,SS2,-150,6700,-176.58503479,59.92755268,6010.7528026,0
25,SS2,-150,6710,-176.614228,60.01384326363636,6005.501900727273,0
25,SS2,-150,6720,-176.64451287272726,60.10427009090909,6000.001645727273,0
25,SS2,-150,6730,-176.67362567,60.19045493,5994.7526465,0
25,SS2,-150,6740,-176.6900863,60.239797300000006,5991.7509764999995,0
25,SS2,-140,6740,-176.7049324888889,60.28497775555555,5989.001850111111,0
25,SS2,-140,6750,-176.73288117272728,60.3671082,5984.002493818181,0
25,SS2,-140,6760,-176.76357532727272,60.457388054545454,5978.502245272727,0
25,SS2,-140,6770,-176.79223642,60.54356028,5973.2523727,0
25,SS2,-140,6780,-176.8217213909091,60.62972291818182,5968.002093090909,0
25,SS2,-140,6790,-176.85290071818181,60.72002129090909,5962.502372727273,0
25,SS2,-140,6800,-176.88322556363636,60.81034233636364,5957.001922181818,0
25,SS2,-140,6810,-176.91265433,60.89642763,5951.7515287,0
25,SS2,-140,6820,-176.94248260909092,60.98243489090909,5946.502476545455,0
25,SS2,-140,6830,-176.97363512727273,61.07234831818182,5941.001433363636,0
25,SS2,-140,6840,-177.00425261818182,61.16232138181818,5935.501970909091,0
25,SS2,-140,6850,-177.0348672909091,61.24734123636364,5885.411735727273,0
25,SS2,-140,6860,-177.06514396363636,61.33640273636364,5870.002158181818,0
25,SS2,-140,6870,-177.0962824,61.426592536363636,5864.5025124545455,0
25,SS2,-140,6880,-177.12705979999998,61.51284816,5859.2516253,0
25,SS2,-140,6890,-177.14431706666667,61.565913933333334,5856.001428333333,0
26,BT,-180,6550,-176.7857637875,58.5616134125,5004.7547545,2.4294815
26,BT,-180,6560,-176.81095826,58.635544110000005,5009.2561869,92.1569955
26,BT,-180,6570,-176.841019975,58.72521029166667,5019.5880550833335,119.07209925
26,BT,-180,6580,-176.87080232,58.81188459,5049.2521411,8.3646243
26,BT,-180,6590,-176.9002596,58.89787930909091,5054.501975818182,3.8959493636363636
26,BT,-180,6600,-176.9309635181818,58.98805395454546,5060.001806181818,6.124728090909091
26,BT,-180,6610,-176.962118,59.07823434545455,5065.5020344545455,280.3624745454546
26,BT,-180,6620,-176.9925023181818,59.16640567272727,5075.774777454546,124.5148470909091
26,BT,-180,6630,-177.02216556363635,59.2513666,5094.002329181818,97.31429836363637
26,BT,-180,6640,-177.05350461818182,59.341539127272725,5099.503235,182.13794827272727
26,BT,-180,6650,-177.08301552,59.42769609,5104.7513061,138.5751262
26,BT,-180,6660,-177.11359313636365,59.51383943636364,5110.001790727273,321.99861263636365
26,BT,-180,6670,-177.14473891818182,59.60412914545454,5115.501169363636,138.24746709090908
26,BT,-180,6680,-177.17500168,59.69018955,5120.7528708,59.7287535
26,BT,-180,6690,-177.20476984545454,59.77630811818182,5126.001992818182,48.078761
26,BT,-180,6700,-177.23671214545453,59.86644670909091,5131.501749363636,97.32019145454545
26,BT,-180,6710,-177.2683659909091,59.95639514545454,5137.002346,134.02951363636365
26,BT,-180,6720,-177.2986607,60.042187240000004,5142.2523712,50.4323961
26,BT,-180,6730,-177.33074217499998,60.131944,5150.293641916666,39.72945983333334
26,BT,-180,6740,-177.36239315454546,60.22151058181818,5184.001912454545,43.03689809090909
26,BT,-180,6750,-177.39323341,60.3071517,5189.2508066,18.5889081
26,BT,-180,6760,-177.42354560909092,60.39276146363636,5195.1838375454545,20.342204090909092
26,BT,-180,6770,-177.45607333636363,60.48264402727273,5202.501559454546,29.333385818181817
26,BT,-180,6780,-177.48805234545455,60.572809809090906,5208.002154545455,35.92963172727273
26,BT,-180,6790,-177.52108525454545,60.662723336363634,5214.774677,23.83281890909091
26,BT,-180,6800,-177.54985945454544,60.74279165454546,5231.229593727273,19.139032727272728
26,BT,-180,6810,-177.58220062727273,60.83279042727273,5238.001785727272,16.564639272727273
26,BT,-180,6820,-177.61482843636364,60.92287550909091,5243.502585636364,27.22479672727273
26,BT,-180,6830,-177.64793710909092,61.01265027272727,5249.001939636364,34.75823418181818
26,BT,-180,6840,-177.67990344999998,61.09847277,5254.2519317,26.3096353
26,BT,-180,6850,-177.71065344545454,61.1845957,5259.502025545455,18.66314690909091
26,BT,-180,6860,-177.73340455,61.246073025,5263.2515825,6.6830875
26,SS1,-180,6550,-176.7857637875,58.5616134125,5004.7547545,0
26,SS1,-180,6560,-176.81095826,58.635544110000005,5009.2561869,521.973559
26,SS1,-180,6570,-176.841019975,58.72521029166667,5019.5880550833335,198.4084643333333
26,SS1,-180,6580,-176.87080232,58.81188459,5049.2521411,123.0652166
26,SS1,-180,6590,-176.9002596,58.89787930909091,5054.501975818182,169.2349289090909
26,SS1,-180,6600,-176.9309635181818,58.98805395454546,5060.001806181818,246.35215463636365
26,SS1,-180,6610,-176.962118,59.07823434545455,5065.5020344545455,1063.5419066363636
26,SS1,-180,6620,-176.9925023181818,59.16640567272727,5075.774777454546,549.7262659090909
26,SS1,-180,6630,-177.02216556363635,59.2513666,5094.002329181818,309.64672818181816
26,SS1,-180,6640,-177.05350461818182,59.341539127272725,5099.503235,583.8194796363637
26,SS1,-180,6650,-177.08301552,59.42769609,5104.7513061,2106.0814609999998
26,SS1,-180,6660,-177.11359313636365,59.51383943636364,5110.001790727273,1024.568902090909
26,SS1,-180,6670,-177.14473891818182,59.60412914545454,5115.501169363636,891.1880757272727
26,SS1,-180,6680,-177.17500168,59.69018955,5120.7528708,1637.1867937
26,SS1,-180,6690,-177.20476984545454,59.77630811818182,5126.001992818182,485.35203545454544
26,SS1,-180,6700,-177.23671214545453,59.86644670909091,5131.501749363636,495.6236011818182
26,SS1,-180,6710,-177.2683659909091,59.95639514545454,5137.002346,586.4214257272728
26,SS1,-180,6720,-177.2986607,60.042187240000004,5142.2523712,351.9945205
26,SS1,-180,6730,-177.33074217499998,60.131944,5150.293641916666,1055.4493196666667
26,SS1,-180,6740,-177.36239315454546,60.22151058181818,5184.001912454545,709.6922126363637
26,SS1,-180,6750,-177.39323341,60.3071517,5189.2508066,428.4494048
26,SS1,-180,6760,-177.42354560909092,60.39276146363636,5195.1838375454545,571.9412864545454
26,SS1,-180,6770,-177.45607333636363,60.48264402727273,5202.501559454546,733.0310974545455
26,SS1,-180,6780,-177.48805234545455,60.572809809090906,5208.002154545455,457.9959477272727
26,SS1,-180,6790,-177.52108525454545,60.662723336363634,5214.774677,315.75498836363636
26,SS1,-180,6800,-177.54985945454544,60.74279165454546,5231.229593727273,249.2740520909091
26,SS1,-180,6810,-177.58220062727273,60.83279042727273,5238.001785727272,350.9196989090909
26,SS1,-180,6820,-177.61482843636364,60.92287550909091,5243.502585636364,481.1006
26,SS1,-180,6830,-177.64793710909092,61.01265027272727,5249.001939636364,452.0672380909091
26,SS1,-180,6840,-177.67990344999998,61.09847277,5254.2519317,451.1011419
26,SS1,-180,6850,-177.71065344545454,61.1845957,5259.502025545455,649.7736135454545
26,SS1,-180,6860,-177.73340455,61.246073025,5263.2515825,395.22294775
26,SS2,-180,6550,-176.7857637875,58.5616134125,5004.7547545,24.4896465
26,SS2,-180,6560,-176.81095826,58.635544110000005,5009.2561869,582.5690783999999
26,SS2,-180,6570,-176.841019975,58.72521029166667,5019.5880550833335,0
26,SS2,-180,6580,-176.87080232,58.81188459,5049.2521411,0
26,SS2,-180,6590,-176.9002596,58.89787930909091,5054.501975818182,0
26,SS2,-180,6600,-176.9309635181818,58.98805395454546,5060.001806181818,0
26,SS2,-180,6610,-176.962118,59.07823434545455,5065.5020344545455,0
26,SS2,-180,6620,-176.9925023181818,59.16640567272727,5075.774777454546,0
26,SS2,-180,6630,-177.02216556363635,59.2513666,5094.002329181818,0
26,SS2,-180,6640,-177.05350461818182,59.341539127272725,5099.503235,0
26,SS2,-180,6650,-177.08301552,59.42769609,5104.7513061,0
26,SS2,-180,6660,-177.11359313636365,59.51383943636364,5110.001790727273,0
26,SS2,-180,6670,-177.14473891818182,59.60412914545454,5115.501169363636,0
26,SS2,-180,6680,-177.17500168,59.69018955,5120.7528708,0
26,SS2,-180,6690,-177.20476984545454,59.77630811818182,5126.001992818182,0
26,SS2,-180,6700,-177.23671214545453,59.86644670909091,5131.501749363636,0
26,SS2,-180,6710,-177.2683659909091,59.95639514545454,5137.002346,0
26,SS2,-180,6720,-177.2986607,60.042187240000004,5142.2523712,0
26,SS2,-180,6730,-177.33074217499998,60.131944,5150.293641916666,0
26,SS2,-180,6740,-177.36239315454546,60.22151058181818,5184.001912454545,0
26,SS2,-180,6750,-177.39323341,60.3071517,5189.2508066,0
26,SS2,-180,6760,-177.42354560909092,60.39276146363636,5195.1838375454545,0
26,SS2,-180,6770,-177.45607333636363,60.48264402727273,5202.501559454546,0
26,SS2,-180,6780,-177.48805234545455,60.572809809090906,5208.002154545455,0
26,SS2,-180,6790,-177.52108525454545,60.662723336363634,5214.774677,0
26,SS2,-180,6800,-177.54985945454544,60.74279165454546,5231.229593727273,0
26,SS2,-180,6810,-177.58220062727273,60.83279042727273,5238.001785727272,0
26,SS2,-180,6820,-177.61482843636364,60.92287550909091,5243.502585636364,0
26,SS2,-180,6830,-177.64793710909092,61.01265027272727,5249.001939636364,0
26,SS2,-180,6840,-177.67990344999998,61.09847277,5254.2519317,0
26,SS2,-180,6850,-177.71065344545454,61.1845957,5259.502025545455,0
26,SS2,-180,6860,-177.73340455,61.246073025,5263.2515825,0
27,BT,-220,6570,-177.44264485555556,58.676748422222225,5519.503601555555,61.24854644444445
27,BT,-220,6580,-177.47144583,58.75445073,5524.2520108,116.4734803
27,BT,-220,6590,-177.50405615384616,58.8457786,5536.232687230769,39.87094992307692
27,BT,-220,6600,-177.53575192,58.93079108,5562.7524779,17.0921952
27,BT,-220,6610,-177.56710156363636,59.016664436363634,5568.002017090909,6.643128090909091
27,BT,-220,6620,-177.6002304909091,59.1065618,5573.5016902727275,4.570364363636364
27,BT,-220,6630,-177.63253881,59.19224876,5578.7514967,0.9939619
27,BT,-220,6640,-177.665173925,59.280662166666666,5586.255630916667,45.067013833333334
27,BT,-220,6650,-177.69637839,59.36797655,5595.7554205,3.8883026
27,BT,-220,6660,-177.72862393636365,59.45358380909091,5601.005013636363,3.104958
27,BT,-220,6670,-177.7621637090909,59.543460700000004,5606.505256181818,29.438941545454547
27,BT,-220,6680,-177.7957708181818,59.63341464545454,5612.00673190909,28.725583272727274
27,BT,-220,6690,-177.82757297,59.71921628,5617.253084,69.0164167
27,BT,-220,6700,-177.85923714166665,59.80391720833333,5630.627488666667,49.688144083333334
27,BT,-220,6710,-177.8937157818182,59.89412638181818,5642.002655818182,69.29516545454545
27,BT,-220,6720,-177.92811446363638,59.984038081818184,5647.502557,41.232302636363634
27,BT,-220,6730,-177.96003536,60.07003034,5652.7519745,72.8732865
27,BT,-220,6740,-177.99243984545456,60.15588758181818,5658.0029074545455,90.40210218181818
27,BT,-220,6750,-178.02662480909092,60.24554915454546,5663.501907818182,144.888472
27,BT,-220,6760,-178.06094007272728,60.3354422,5669.001807,280.5979357272727
27,BT,-220,6770,-178.09376473,60.4213359,5674.2517178,151.8037721
27,BT,-220,6780,-178.12681944166667,60.507257841666664,5726.0850905,201.0056215
27,BT,-220,6790,-178.16024502,60.59485472,5754.752609,336.4914611
27,BT,-220,6800,-178.19352676363636,60.6802729,5760.001900909091,340.5298767272727
27,BT,-220,6810,-178.22787652727274,60.770168590909094,5765.502035363636,75.33663136363636
27,BT,-220,6820,-178.26305457272727,60.86001780909091,5771.002499818182,49.78341218181818
27,BT,-220,6830,-178.28943308333334,60.929550283333334,5775.251815333333,64.723018
27,SS1,-220,6570,-177.44264485555556,58.676748422222225,5519.503601555555,901.1016131111111
27,SS1,-220,6580,-177.47144583,58.75445073,5524.2520108,742.7622848
27,SS1,-220,6590,-177.50405615384616,58.8457786,5536.232687230769,360.14773638461537
27,SS1,-220,6600,-177.53575192,58.93079108,5562.7524779,166.868565
27,SS1,-220,6610,-177.56710156363636,59.016664436363634,5568.002017090909,23.789813818181816
27,SS1,-220,6620,-177.6002304909091,59.1065618,5573.5016902727275,16.979034818181816
27,SS1,-220,6630,-177.63253881,59.19224876,5578.7514967,9.759147899999999
27,SS1,-220,6640,-177.665173925,59.280662166666666,5586.255630916667,44.16520083333334
27,SS1,-220,6650,-177.69637839,59.36797655,5595.7554205,9.0980701
27,SS1,-220,6660,-177.72862393636365,59.45358380909091,5601.005013636363,14.610963545454545
27,SS1,-220,6670,-177.7621637090909,59.543460700000004,5606.505256181818,85.49191481818181
27,SS1,-220,6680,-177.7957708181818,59.63341464545454,5612.00673190909,237.89420554545455
27,SS1,-220,6690,-177.82757297,59.71921628,5617.253084,997.5451536
27,SS1,-220,6700,-177.85923714166665,59.80391720833333,5630.627488666667,522.6328580833333
27,SS1,-220,6710,-177.8937157818182,59.89412638181818,5642.002655818182,678.6702873636364
27,SS1,-220,6720,-177.92811446363638,59.984038081818184,5647.502557,796.7179656363636
27,SS1,-220,6730,-177.96003536,60.07003034,5652.7519745,1849.471778
27,SS1,-220,6740,-177.99243984545456,60.15588758181818,5658.0029074545455,1308.2924692727272
27,SS1,-220,6750,-178.02662480909092,60.24554915454546,5663.501907818182,1059.0119232727272
27,SS1,-220,6760,-178.06094007272728,60.3354422,5669.001807,1567.4311998181818
27,SS1,-220,6770,-178.09376473,60.4213359,5674.2517178,2313.1877267
27,SS1,-220,6780,-178.12681944166667,60.507257841666664,5726.0850905,1966.4811701666667
27,SS1,-220,6790,-178.16024502,60.59485472,5754.752609,1305.9274957999999
27,SS1,-220,6800,-178.19352676363636,60.6802729,5760.001900909091,1454.7609975454545
27,SS1,-220,6810,-178.22787652727274,60.770168590909094,5765.502035363636,545.4366363636364
27,SS1,-220,6820,-178.26305457272727,60.86001780909091,5771.002499818182,1267.5654705454544
27,SS1,-220,6830,-178.28943308333334,60.929550283333334,5775.251815333333,1213.3730176666666
27,SS2,-220,6570,-177.44264485555556,58.676748422222225,5519.503601555555,0
27,SS2,-220,6580,-177.47144583,58.75445073,5524.2520108,0
27,SS2,-220,6590,-177.50405615384616,58.8457786,5536.232687230769,0
27,SS2,-220,6600,-177.53575192,58.93079108,5562.7524779,0
27,SS2,-220,6610,-177.56710156363636,59.016664436363634,5568.002017090909,0
27,SS2,-220,6620,-177.6002304909091,59.1065618,5573.5016902727275,0
27,SS2,-220,6630,-177.63253881,59.19224876,5578.7514967,0
27,SS2,-220,6640,-177.665173925,59.280662166666666,5586.255630916667,0
27,SS2,-220,6650,-177.69637839,59.36797655,5595.7554205,0
27,SS2,-220,6660,-177.72862393636365,59.45358380909091,5601.005013636363,0
27,SS2,-220,6670,-177.7621637090909,59.543460700000004,5606.505256181818,0
27,SS2,-220,6680,-177.7957708181818,59.63341464545454,5612.00673190909,0
27,SS2,-220,6690,-177.82757297,59.71921628,5617.253084,0
27,SS2,-220,6700,-177.85923714166665,59.80391720833333,5630.627488666667,0
27,SS2,-220,6710,-177.8937157818182,59.89412638181818,5642.002655818182,0
27,SS2,-220,6720,-177.92811446363638,59.984038081818184,5647.502557,0
27,SS2,-220,6730,-177.96003536,60.07003034,5652.7519745,0
27,SS2,-220,6740,-177.99243984545456,60.15588758181818,5658.0029074545455,0
27,SS2,-220,6750,-178.02662480909092,60.24554915454546,5663.501907818182,0
27,SS2,-220,6760,-178.06094007272728,60.3354422,5669.001807,0
27,SS2,-220,6770,-178.09376473,60.4213359,5674.2517178,0
27,SS2,-220,6780,-178.12681944166667,60.507257841666664,5726.0850905,0
27,SS2,-220,6790,-178.16024502,60.59485472,5754.752609,0
27,SS2,-220,6800,-178.19352676363636,60.6802729,5760.001900909091,0
27,SS2,-220,6810,-178.22787652727274,60.770168590909094,5765.502035363636,0
27,SS2,-220,6820,-178.26305457272727,60.86001780909091,5771.002499818182,0
27,SS2,-220,6830,-178.28943308333334,60.929550283333334,5775.251815333333,0
28,BT,-260,6590,-178.16230755,58.804427675,5483.75193075,1.690779
28,BT,-260,6600,-178.18457757272728,58.86583057272727,5480.004072,9.084653909090909
28,BT,-260,6610,-178.21806476,58.95149081,5474.7547142,8.388269900000001
28,BT,-260,6620,-178.2495815,59.03706231818182,5469.502329909091,20.195113545454543
28,BT,-260,6630,-178.28282056363636,59.12661789090909,5464.001244545455,0.05117354545454546
28,BT,-260,6640,-178.31810796363635,59.21620687272728,5458.501795636364,64.8459860909091
28,BT,-260,6650,-178.35121146,59.30186142,5453.254126,59.061063
28,BT,-260,6660,-178.3840358818182,59.387615227272725,5448.003544181818,5.152920909090909
28,BT,-260,6670,-178.41901297272727,59.477508245454544,5442.503363727273,0.5933801818181819
28,BT,-260,6680,-178.45215607,59.563237,5437.2542276,5.0013995
28,BT,-260,6690,-178.48504851818183,59.64873689090909,5432.003035363637,9.785684181818182
28,BT,-260,6700,-178.52044158181818,59.7384871,5426.501644,54.09505527272727
28,BT,-260,6710,-178.55543725833334,59.82993944166667,5418.863146666667,63.899506
28,BT,-260,6720,-178.5880411818182,59.91334273636364,5403.501870545455,221.67989827272729
28,BT,-260,6730,-178.6241153090909,60.0031777,5398.001788636364,832.0400473636364
28,BT,-260,6740,-178.65723872,60.08902938,5392.7530526,806.9274759
28,BT,-260,6750,-178.69173409166666,60.17654650833333,5376.50269825,389.43131466666665
28,BT,-260,6760,-178.72595672,60.26396472,5360.2541893,0.37855569999999994
28,BT,-260,6770,-178.7599829090909,60.34978645454545,5355.0013658181815,4.005245727272727
28,BT,-260,6780,-178.79594547272728,60.439546027272726,5349.501614818182,6.1809900909090905
28,BT,-260,6790,-178.83146809166666,60.53031905833333,5338.876784916667,57.85282633333333
28,BT,-260,6800,-178.86283182222223,60.60708141111111,5319.001553888889,37.58276111111111
28,SS1,-260,6590,-178.16230755,58.804427675,5483.75193075,0
28,SS1,-260,6600,-178.18457757272728,58.86583057272727,5480.004072,0
28,SS1,-260,6610,-178.21806476,58.95149081,5474.7547142,9.8458679
28,SS1,-260,6620,-178.2495815,59.03706231818182,5469.502329909091,20.985387272727273
28,SS1,-260,6630,-178.28282056363636,59.12661789090909,5464.001244545455,1.634441909090909
28,SS1,-260,6640,-178.31810796363635,59.21620687272728,5458.501795636364,156.617018
28,SS1,-260,6650,-178.35121146,59.30186142,5453.254126,44.268938799999994
28,SS1,-260,6660,-178.3840358818182,59.387615227272725,5448.003544181818,46.07764863636364
28,SS1,-260,6670,-178.41901297272727,59.477508245454544,5442.503363727273,76.2925569090909
28,SS1,-260,6680,-178.45215607,59.563237,5437.2542276,108.97765199999999
28,SS1,-260,6690,-178.48504851818183,59.64873689090909,5432.003035363637,65.70248145454545
28,SS1,-260,6700,-178.52044158181818,59.7384871,5426.501644,233.15820754545456
28,SS1,-260,6710,-178.55543725833334,59.82993944166667,5418.863146666667,401.76134758333336
28,SS1,-260,6720,-178.5880411818182,59.91334273636364,5403.501870545455,2392.3003733636365
28,SS1,-260,6730,-178.6241153090909,60.0031777,5398.001788636364,1427.0751896363636
28,SS1,-260,6740,-178.65723872,60.08902938,5392.7530526,1451.7383978999999
28,SS1,-260,6750,-178.69173409166666,60.17654650833333,5376.50269825,1218.0524393333333
28,SS1,-260,6760,-178.72595672,60.26396472,5360.2541893,1073.306605
28,SS1,-260,6770,-178.7599829090909,60.34978645454545,5355.0013658181815,80.29933263636364
28,SS1,-260,6780,-178.79594547272728,60.439546027272726,5349.501614818182,25.552306909090913
28,SS1,-260,6790,-178.83146809166666,60.53031905833333,5338.876784916667,143.85252283333332
28,SS1,-260,6800,-178.86283182222223,60.60708141111111,5319.001553888889,661.9354045555556
28,SS2,-260,6590,-178.16230755,58.804427675,5483.75193075,0
28,SS2,-260,6600,-178.18457757272728,58.86583057272727,5480.004072,0
28,SS2,-260,6610,-178.21806476,58.95149081,5474.7547142,0
28,SS2,-260,6620,-178.2495815,59.03706231818182,5469.502329909091,0
28,SS2,-260,6630,-178.28282056363636,59.12661789090909,5464.001244545455,0
28,SS2,-260,6640,-178.31810796363635,59.21620687272728,5458.501795636364,0
28,SS2,-260,6650,-178.35121146,59.30186142,5453.254126,0
28,SS2,-260,6660,-178.3840358818182,59.387615227272725,5448.003544181818,0
28,SS2,-260,6670,-178.41901297272727,59.477508245454544,5442.503363727273,0
28,SS2,-260,6680,-178.45215607,59.563237,5437.2542276,0
28,SS2,-260,6690,-178.48504851818183,59.64873689090909,5432.003035363637,0
28,SS2,-260,6700,-178.52044158181818,59.7384871,5426.501644,0
28,SS2,-260,6710,-178.55543725833334,59.82993944166667,5418.863146666667,0
28,SS2,-260,6720,-178.5880411818182,59.91334273636364,5403.501870545455,0
28,SS2,-260,6730,-178.6241153090909,60.0031777,5398.001788636364,0
28,SS2,-260,6740,-178.65723872,60.08902938,5392.7530526,0
28,SS2,-260,6750,-178.69173409166666,60.17654650833333,5376.50269825,0
28,SS2,-260,6760,-178.72595672,60.26396472,5360.2541893,0
28,SS2,-260,6770,-178.7599829090909,60.34978645454545,5355.0013658181815,0
28,SS2,-260,6780,-178.79594547272728,60.439546027272726,5349.501614818182,0
28,SS2,-260,6790,-178.83146809166666,60.53031905833333,5338.876784916667,0
28,SS2,-260,6800,-178.86283182222223,60.60708141111111,5319.001553888889,0
