x,y
381.9122937879172,5999.734873928253
391.9122937879172,5999.734873928253
401.9122937879172,5999.734873928253
411.9122937879172,5999.734873928253
421.9122937879172,5999.734873928253
431.9122937879172,5999.734873928253
441.9122937879172,5999.734873928253
451.9122937879172,5999.734873928253
381.9122937879172,6009.734873928253
391.9122937879172,6009.734873928253
401.9122937879172,6009.734873928253
411.9122937879172,6009.734873928253
421.9122937879172,6009.734873928253
431.9122937879172,6009.734873928253
441.9122937879172,6009.734873928253
451.9122937879172,6009.734873928253
461.9122937879172,6009.734873928253
381.9122937879172,6019.734873928253
391.9122937879172,6019.734873928253
401.9122937879172,6019.734873928253
411.9122937879172,6019.734873928253
421.9122937879172,6019.734873928253
431.9122937879172,6019.734873928253
441.9122937879172,6019.734873928253
451.9122937879172,6019.734873928253
461.9122937879172,6019.734873928253
471.9122937879172,6019.734873928253
481.9122937879172,6019.734873928253
491.9122937879172,6019.734873928253
501.9122937879172,6019.734873928253
511.9122937879172,6019.734873928253
521.9122937879172,6019.734873928253
531.9122937879172,6019.734873928253
381.9122937879172,6029.734873928253
391.9122937879172,6029.734873928253
401.9122937879172,6029.734873928253
411.9122937879172,6029.734873928253
421.9122937879172,6029.734873928253
431.9122937879172,6029.734873928253
441.9122937879172,6029.734873928253
451.9122937879172,6029.734873928253
461.9122937879172,6029.734873928253
471.9122937879172,6029.734873928253
481.9122937879172,6029.734873928253
491.9122937879172,6029.734873928253
501.9122937879172,6029.734873928253
511.9122937879172,6029.734873928253
521.9122937879172,6029.734873928253
531.9122937879172,6029.734873928253
381.9122937879172,6039.734873928253
391.9122937879172,6039.734873928253
401.9122937879172,6039.734873928253
411.9122937879172,6039.734873928253
421.9122937879172,6039.734873928253
431.9122937879172,6039.734873928253
441.9122937879172,6039.734873928253
451.9122937879172,6039.734873928253
461.9122937879172,6039.734873928253
471.9122937879172,6039.734873928253
481.9122937879172,6039.734873928253
491.9122937879172,6039.734873928253
501.9122937879172,6039.734873928253
511.9122937879172,6039.734873928253
521.9122937879172,6039.734873928253
531.9122937879172,6039.734873928253
381.9122937879172,6049.734873928253
391.9122937879172,6049.734873928253
401.9122937879172,6049.734873928253
411.9122937879172,6049.734873928253
421.9122937879172,6049.734873928253
431.9122937879172,6049.734873928253
441.9122937879172,6049.734873928253
451.9122937879172,6049.734873928253
461.9122937879172,6049.734873928253
471.9122937879172,6049.734873928253
481.9122937879172,6049.734873928253
491.9122937879172,6049.734873928253
501.9122937879172,6049.734873928253
511.9122937879172,6049.734873928253
521.9122937879172,6049.734873928253
531.9122937879172,6049.734873928253
381.9122937879172,6059.734873928253
391.9122937879172,6059.734873928253
401.9122937879172,6059.734873928253
411.9122937879172,6059.734873928253
421.9122937879172,6059.734873928253
431.9122937879172,6059.734873928253
441.9122937879172,6059.734873928253
451.9122937879172,6059.734873928253
461.9122937879172,6059.734873928253
471.9122937879172,6059.734873928253
481.9122937879172,6059.734873928253
491.9122937879172,6059.734873928253
501.9122937879172,6059.734873928253
511.9122937879172,6059.734873928253
521.9122937879172,6059.734873928253
531.9122937879172,6059.734873928253
381.9122937879172,6069.734873928253
391.9122937879172,6069.734873928253
401.9122937879172,6069.734873928253
411.9122937879172,6069.734873928253
421.9122937879172,6069.734873928253
431.9122937879172,6069.734873928253
441.9122937879172,6069.734873928253
451.9122937879172,6069.734873928253
461.9122937879172,6069.734873928253
471.9122937879172,6069.734873928253
481.9122937879172,6069.734873928253
491.9122937879172,6069.734873928253
501.9122937879172,6069.734873928253
511.9122937879172,6069.734873928253
521.9122937879172,6069.734873928253
531.9122937879172,6069.734873928253
301.9122937879172,6079.734873928253
311.9122937879172,6079.734873928253
381.9122937879172,6079.734873928253
391.9122937879172,6079.734873928253
401.9122937879172,6079.734873928253
411.9122937879172,6079.734873928253
421.9122937879172,6079.734873928253
431.9122937879172,6079.734873928253
441.9122937879172,6079.734873928253
451.9122937879172,6079.734873928253
461.9122937879172,6079.734873928253
471.9122937879172,6079.734873928253
481.9122937879172,6079.734873928253
491.9122937879172,6079.734873928253
501.9122937879172,6079.734873928253
511.9122937879172,6079.734873928253
521.9122937879172,6079.734873928253
531.9122937879172,6079.734873928253
301.9122937879172,6089.734873928253
311.9122937879172,6089.734873928253
321.9122937879172,6089.734873928253
331.9122937879172,6089.734873928253
341.9122937879172,6089.734873928253
351.9122937879172,6089.734873928253
361.9122937879172,6089.734873928253
371.9122937879172,6089.734873928253
381.9122937879172,6089.734873928253
391.9122937879172,6089.734873928253
401.9122937879172,6089.734873928253
411.9122937879172,6089.734873928253
421.9122937879172,6089.734873928253
431.9122937879172,6089.734873928253
441.9122937879172,6089.734873928253
451.9122937879172,6089.734873928253
461.9122937879172,6089.734873928253
471.9122937879172,6089.734873928253
481.9122937879172,6089.734873928253
491.9122937879172,6089.734873928253
501.9122937879172,6089.734873928253
511.9122937879172,6089.734873928253
521.9122937879172,6089.734873928253
301.9122937879172,6099.734873928253
311.9122937879172,6099.734873928253
321.9122937879172,6099.734873928253
331.9122937879172,6099.734873928253
341.9122937879172,6099.734873928253
351.9122937879172,6099.734873928253
361.9122937879172,6099.734873928253
371.9122937879172,6099.734873928253
381.9122937879172,6099.734873928253
391.9122937879172,6099.734873928253
401.9122937879172,6099.734873928253
411.9122937879172,6099.734873928253
421.9122937879172,6099.734873928253
431.9122937879172,6099.734873928253
441.9122937879172,6099.734873928253
451.9122937879172,6099.734873928253
461.9122937879172,6099.734873928253
471.9122937879172,6099.734873928253
481.9122937879172,6099.734873928253
491.9122937879172,6099.734873928253
501.9122937879172,6099.734873928253
511.9122937879172,6099.734873928253
521.9122937879172,6099.734873928253
531.9122937879172,6099.734873928253
541.9122937879172,6099.734873928253
301.9122937879172,6109.734873928253
311.9122937879172,6109.734873928253
321.9122937879172,6109.734873928253
331.9122937879172,6109.734873928253
341.9122937879172,6109.734873928253
351.9122937879172,6109.734873928253
361.9122937879172,6109.734873928253
371.9122937879172,6109.734873928253
381.9122937879172,6109.734873928253
391.9122937879172,6109.734873928253
401.9122937879172,6109.734873928253
411.9122937879172,6109.734873928253
421.9122937879172,6109.734873928253
431.9122937879172,6109.734873928253
441.9122937879172,6109.734873928253
451.9122937879172,6109.734873928253
461.9122937879172,6109.734873928253
471.9122937879172,6109.734873928253
481.9122937879172,6109.734873928253
491.9122937879172,6109.734873928253
501.9122937879172,6109.734873928253
511.9122937879172,6109.734873928253
521.9122937879172,6109.734873928253
531.9122937879172,6109.734873928253
541.9122937879172,6109.734873928253
551.9122937879172,6109.734873928253
561.9122937879172,6109.734873928253
571.9122937879172,6109.734873928253
581.9122937879172,6109.734873928253
591.9122937879172,6109.734873928253
601.9122937879172,6109.734873928253
301.9122937879172,6119.734873928253
311.9122937879172,6119.734873928253
321.9122937879172,6119.734873928253
331.9122937879172,6119.734873928253
341.9122937879172,6119.734873928253
351.9122937879172,6119.734873928253
361.9122937879172,6119.734873928253
371.9122937879172,6119.734873928253
381.9122937879172,6119.734873928253
391.9122937879172,6119.734873928253
401.9122937879172,6119.734873928253
411.9122937879172,6119.734873928253
421.9122937879172,6119.734873928253
431.9122937879172,6119.734873928253
441.9122937879172,6119.734873928253
451.9122937879172,6119.734873928253
461.9122937879172,6119.734873928253
471.9122937879172,6119.734873928253
481.9122937879172,6119.734873928253
491.9122937879172,6119.734873928253
501.9122937879172,6119.734873928253
511.9122937879172,6119.734873928253
521.9122937879172,6119.734873928253
531.9122937879172,6119.734873928253
541.9122937879172,6119.734873928253
551.9122937879172,6119.734873928253
561.9122937879172,6119.734873928253
571.9122937879172,6119.734873928253
581.9122937879172,6119.734873928253
591.9122937879172,6119.734873928253
601.9122937879172,6119.734873928253
301.9122937879172,6129.734873928253
311.9122937879172,6129.734873928253
321.9122937879172,6129.734873928253
331.9122937879172,6129.734873928253
341.9122937879172,6129.734873928253
351.9122937879172,6129.734873928253
361.9122937879172,6129.734873928253
371.9122937879172,6129.734873928253
381.9122937879172,6129.734873928253
391.9122937879172,6129.734873928253
401.9122937879172,6129.734873928253
411.9122937879172,6129.734873928253
421.9122937879172,6129.734873928253
431.9122937879172,6129.734873928253
441.9122937879172,6129.734873928253
451.9122937879172,6129.734873928253
461.9122937879172,6129.734873928253
471.9122937879172,6129.734873928253
481.9122937879172,6129.734873928253
491.9122937879172,6129.734873928253
501.9122937879172,6129.734873928253
511.9122937879172,6129.734873928253
521.9122937879172,6129.734873928253
531.9122937879172,6129.734873928253
541.9122937879172,6129.734873928253
551.9122937879172,6129.734873928253
561.9122937879172,6129.734873928253
571.9122937879172,6129.734873928253
581.9122937879172,6129.734873928253
591.9122937879172,6129.734873928253
601.9122937879172,6129.734873928253
301.9122937879172,6139.734873928253
311.9122937879172,6139.734873928253
321.9122937879172,6139.734873928253
331.9122937879172,6139.734873928253
341.9122937879172,6139.734873928253
351.9122937879172,6139.734873928253
361.9122937879172,6139.734873928253
371.9122937879172,6139.734873928253
381.9122937879172,6139.734873928253
391.9122937879172,6139.734873928253
401.9122937879172,6139.734873928253
411.9122937879172,6139.734873928253
421.9122937879172,6139.734873928253
431.9122937879172,6139.734873928253
441.9122937879172,6139.734873928253
451.9122937879172,6139.734873928253
461.9122937879172,6139.734873928253
471.9122937879172,6139.734873928253
481.9122937879172,6139.734873928253
491.9122937879172,6139.734873928253
501.9122937879172,6139.734873928253
511.9122937879172,6139.734873928253
521.9122937879172,6139.734873928253
531.9122937879172,6139.734873928253
541.9122937879172,6139.734873928253
551.9122937879172,6139.734873928253
561.9122937879172,6139.734873928253
571.9122937879172,6139.734873928253
581.9122937879172,6139.734873928253
591.9122937879172,6139.734873928253
601.9122937879172,6139.734873928253
301.9122937879172,6149.734873928253
311.9122937879172,6149.734873928253
321.9122937879172,6149.734873928253
331.9122937879172,6149.734873928253
341.9122937879172,6149.734873928253
351.9122937879172,6149.734873928253
361.9122937879172,6149.734873928253
371.9122937879172,6149.734873928253
381.9122937879172,6149.734873928253
391.9122937879172,6149.734873928253
401.9122937879172,6149.734873928253
411.9122937879172,6149.734873928253
421.9122937879172,6149.734873928253
431.9122937879172,6149.734873928253
441.9122937879172,6149.734873928253
451.9122937879172,6149.734873928253
461.9122937879172,6149.734873928253
471.9122937879172,6149.734873928253
481.9122937879172,6149.734873928253
491.9122937879172,6149.734873928253
501.9122937879172,6149.734873928253
511.9122937879172,6149.734873928253
521.9122937879172,6149.734873928253
531.9122937879172,6149.734873928253
541.9122937879172,6149.734873928253
551.9122937879172,6149.734873928253
561.9122937879172,6149.734873928253
571.9122937879172,6149.734873928253
581.9122937879172,6149.734873928253
591.9122937879172,6149.734873928253
601.9122937879172,6149.734873928253
301.9122937879172,6159.734873928253
311.9122937879172,6159.734873928253
321.9122937879172,6159.734873928253
331.9122937879172,6159.734873928253
341.9122937879172,6159.734873928253
351.9122937879172,6159.734873928253
361.9122937879172,6159.734873928253
371.9122937879172,6159.734873928253
381.9122937879172,6159.734873928253
391.9122937879172,6159.734873928253
401.9122937879172,6159.734873928253
411.9122937879172,6159.734873928253
421.9122937879172,6159.734873928253
431.9122937879172,6159.734873928253
441.9122937879172,6159.734873928253
451.9122937879172,6159.734873928253
461.9122937879172,6159.734873928253
471.9122937879172,6159.734873928253
481.9122937879172,6159.734873928253
491.9122937879172,6159.734873928253
501.9122937879172,6159.734873928253
511.9122937879172,6159.734873928253
521.9122937879172,6159.734873928253
531.9122937879172,6159.734873928253
541.9122937879172,6159.734873928253
551.9122937879172,6159.734873928253
561.9122937879172,6159.734873928253
571.9122937879172,6159.734873928253
581.9122937879172,6159.734873928253
591.9122937879172,6159.734873928253
601.9122937879172,6159.734873928253
611.9122937879172,6159.734873928253
621.9122937879172,6159.734873928253
631.9122937879172,6159.734873928253
641.9122937879172,6159.734873928253
651.9122937879172,6159.734873928253
661.9122937879172,6159.734873928253
671.9122937879172,6159.734873928253
231.91229378791718,6169.734873928253
241.91229378791718,6169.734873928253
251.91229378791718,6169.734873928253
261.9122937879172,6169.734873928253
271.9122937879172,6169.734873928253
281.9122937879172,6169.734873928253
291.9122937879172,6169.734873928253
301.9122937879172,6169.734873928253
311.9122937879172,6169.734873928253
321.9122937879172,6169.734873928253
331.9122937879172,6169.734873928253
341.9122937879172,6169.734873928253
351.9122937879172,6169.734873928253
361.9122937879172,6169.734873928253
371.9122937879172,6169.734873928253
381.9122937879172,6169.734873928253
391.9122937879172,6169.734873928253
401.9122937879172,6169.734873928253
411.9122937879172,6169.734873928253
421.9122937879172,6169.734873928253
431.9122937879172,6169.734873928253
441.9122937879172,6169.734873928253
451.9122937879172,6169.734873928253
461.9122937879172,6169.734873928253
471.9122937879172,6169.734873928253
481.9122937879172,6169.734873928253
491.9122937879172,6169.734873928253
501.9122937879172,6169.734873928253
511.9122937879172,6169.734873928253
521.9122937879172,6169.734873928253
531.9122937879172,6169.734873928253
541.9122937879172,6169.734873928253
551.9122937879172,6169.734873928253
561.9122937879172,6169.734873928253
571.9122937879172,6169.734873928253
581.9122937879172,6169.734873928253
591.9122937879172,6169.734873928253
601.9122937879172,6169.734873928253
611.9122937879172,6169.734873928253
621.9122937879172,6169.734873928253
631.9122937879172,6169.734873928253
641.9122937879172,6169.734873928253
651.9122937879172,6169.734873928253
661.9122937879172,6169.734873928253
671.9122937879172,6169.734873928253
231.91229378791718,6179.734873928253
241.91229378791718,6179.734873928253
251.91229378791718,6179.734873928253
261.9122937879172,6179.734873928253
271.9122937879172,6179.734873928253
281.9122937879172,6179.734873928253
291.9122937879172,6179.734873928253
301.9122937879172,6179.734873928253
311.9122937879172,6179.734873928253
321.9122937879172,6179.734873928253
331.9122937879172,6179.734873928253
341.9122937879172,6179.734873928253
351.9122937879172,6179.734873928253
361.9122937879172,6179.734873928253
371.9122937879172,6179.734873928253
381.9122937879172,6179.734873928253
391.9122937879172,6179.734873928253
401.9122937879172,6179.734873928253
411.9122937879172,6179.734873928253
421.9122937879172,6179.734873928253
431.9122937879172,6179.734873928253
441.9122937879172,6179.734873928253
451.9122937879172,6179.734873928253
461.9122937879172,6179.734873928253
471.9122937879172,6179.734873928253
481.9122937879172,6179.734873928253
491.9122937879172,6179.734873928253
501.9122937879172,6179.734873928253
511.9122937879172,6179.734873928253
521.9122937879172,6179.734873928253
531.9122937879172,6179.734873928253
541.9122937879172,6179.734873928253
551.9122937879172,6179.734873928253
561.9122937879172,6179.734873928253
571.9122937879172,6179.734873928253
581.9122937879172,6179.734873928253
591.9122937879172,6179.734873928253
601.9122937879172,6179.734873928253
611.9122937879172,6179.734873928253
621.9122937879172,6179.734873928253
631.9122937879172,6179.734873928253
641.9122937879172,6179.734873928253
651.9122937879172,6179.734873928253
661.9122937879172,6179.734873928253
671.9122937879172,6179.734873928253
231.91229378791718,6189.734873928253
241.91229378791718,6189.734873928253
251.91229378791718,6189.734873928253
261.9122937879172,6189.734873928253
271.9122937879172,6189.734873928253
281.9122937879172,6189.734873928253
291.9122937879172,6189.734873928253
301.9122937879172,6189.734873928253
311.9122937879172,6189.734873928253
321.9122937879172,6189.734873928253
331.9122937879172,6189.734873928253
341.9122937879172,6189.734873928253
351.9122937879172,6189.734873928253
361.9122937879172,6189.734873928253
371.9122937879172,6189.734873928253
381.9122937879172,6189.734873928253
391.9122937879172,6189.734873928253
401.9122937879172,6189.734873928253
411.9122937879172,6189.734873928253
421.9122937879172,6189.734873928253
431.9122937879172,6189.734873928253
441.9122937879172,6189.734873928253
451.9122937879172,6189.734873928253
461.9122937879172,6189.734873928253
471.9122937879172,6189.734873928253
481.9122937879172,6189.734873928253
491.9122937879172,6189.734873928253
501.9122937879172,6189.734873928253
511.9122937879172,6189.734873928253
521.9122937879172,6189.734873928253
531.9122937879172,6189.734873928253
541.9122937879172,6189.734873928253
551.9122937879172,6189.734873928253
561.9122937879172,6189.734873928253
571.9122937879172,6189.734873928253
581.9122937879172,6189.734873928253
591.9122937879172,6189.734873928253
601.9122937879172,6189.734873928253
611.9122937879172,6189.734873928253
621.9122937879172,6189.734873928253
631.9122937879172,6189.734873928253
641.9122937879172,6189.734873928253
651.9122937879172,6189.734873928253
661.9122937879172,6189.734873928253
671.9122937879172,6189.734873928253
231.91229378791718,6199.734873928253
241.91229378791718,6199.734873928253
251.91229378791718,6199.734873928253
261.9122937879172,6199.734873928253
271.9122937879172,6199.734873928253
281.9122937879172,6199.734873928253
291.9122937879172,6199.734873928253
301.9122937879172,6199.734873928253
311.9122937879172,6199.734873928253
321.9122937879172,6199.734873928253
331.9122937879172,6199.734873928253
341.9122937879172,6199.734873928253
351.9122937879172,6199.734873928253
361.9122937879172,6199.734873928253
371.9122937879172,6199.734873928253
381.9122937879172,6199.734873928253
391.9122937879172,6199.734873928253
401.9122937879172,6199.734873928253
411.9122937879172,6199.734873928253
421.9122937879172,6199.734873928253
431.9122937879172,6199.734873928253
441.9122937879172,6199.734873928253
451.9122937879172,6199.734873928253
461.9122937879172,6199.734873928253
471.9122937879172,6199.734873928253
481.9122937879172,6199.734873928253
491.9122937879172,6199.734873928253
501.9122937879172,6199.734873928253
511.9122937879172,6199.734873928253
521.9122937879172,6199.734873928253
531.9122937879172,6199.734873928253
541.9122937879172,6199.734873928253
551.9122937879172,6199.734873928253
561.9122937879172,6199.734873928253
571.9122937879172,6199.734873928253
581.9122937879172,6199.734873928253
591.9122937879172,6199.734873928253
601.9122937879172,6199.734873928253
611.9122937879172,6199.734873928253
621.9122937879172,6199.734873928253
631.9122937879172,6199.734873928253
641.9122937879172,6199.734873928253
651.9122937879172,6199.734873928253
661.9122937879172,6199.734873928253
671.9122937879172,6199.734873928253
151.91229378791718,6209.734873928253
161.91229378791718,6209.734873928253
231.91229378791718,6209.734873928253
241.91229378791718,6209.734873928253
251.91229378791718,6209.734873928253
261.9122937879172,6209.734873928253
271.9122937879172,6209.734873928253
281.9122937879172,6209.734873928253
291.9122937879172,6209.734873928253
301.9122937879172,6209.734873928253
311.9122937879172,6209.734873928253
321.9122937879172,6209.734873928253
331.9122937879172,6209.734873928253
341.9122937879172,6209.734873928253
351.9122937879172,6209.734873928253
361.9122937879172,6209.734873928253
371.9122937879172,6209.734873928253
381.9122937879172,6209.734873928253
391.9122937879172,6209.734873928253
401.9122937879172,6209.734873928253
411.9122937879172,6209.734873928253
421.9122937879172,6209.734873928253
431.9122937879172,6209.734873928253
441.9122937879172,6209.734873928253
451.9122937879172,6209.734873928253
461.9122937879172,6209.734873928253
471.9122937879172,6209.734873928253
481.9122937879172,6209.734873928253
491.9122937879172,6209.734873928253
501.9122937879172,6209.734873928253
511.9122937879172,6209.734873928253
521.9122937879172,6209.734873928253
531.9122937879172,6209.734873928253
541.9122937879172,6209.734873928253
551.9122937879172,6209.734873928253
561.9122937879172,6209.734873928253
571.9122937879172,6209.734873928253
581.9122937879172,6209.734873928253
591.9122937879172,6209.734873928253
601.9122937879172,6209.734873928253
611.9122937879172,6209.734873928253
621.9122937879172,6209.734873928253
631.9122937879172,6209.734873928253
641.9122937879172,6209.734873928253
651.9122937879172,6209.734873928253
661.9122937879172,6209.734873928253
671.9122937879172,6209.734873928253
151.91229378791718,6219.734873928253
161.91229378791718,6219.734873928253
171.91229378791718,6219.734873928253
181.91229378791718,6219.734873928253
191.91229378791718,6219.734873928253
201.91229378791718,6219.734873928253
211.91229378791718,6219.734873928253
221.91229378791718,6219.734873928253
231.91229378791718,6219.734873928253
241.91229378791718,6219.734873928253
251.91229378791718,6219.734873928253
261.9122937879172,6219.734873928253
271.9122937879172,6219.734873928253
281.9122937879172,6219.734873928253
291.9122937879172,6219.734873928253
301.9122937879172,6219.734873928253
311.9122937879172,6219.734873928253
321.9122937879172,6219.734873928253
331.9122937879172,6219.734873928253
341.9122937879172,6219.734873928253
351.9122937879172,6219.734873928253
361.9122937879172,6219.734873928253
371.9122937879172,6219.734873928253
381.9122937879172,6219.734873928253
391.9122937879172,6219.734873928253
401.9122937879172,6219.734873928253
411.9122937879172,6219.734873928253
421.9122937879172,6219.734873928253
431.9122937879172,6219.734873928253
441.9122937879172,6219.734873928253
451.9122937879172,6219.734873928253
461.9122937879172,6219.734873928253
471.9122937879172,6219.734873928253
481.9122937879172,6219.734873928253
491.9122937879172,6219.734873928253
501.9122937879172,6219.734873928253
511.9122937879172,6219.734873928253
521.9122937879172,6219.734873928253
531.9122937879172,6219.734873928253
541.9122937879172,6219.734873928253
551.9122937879172,6219.734873928253
561.9122937879172,6219.734873928253
571.9122937879172,6219.734873928253
581.9122937879172,6219.734873928253
591.9122937879172,6219.734873928253
601.9122937879172,6219.734873928253
611.9122937879172,6219.734873928253
621.9122937879172,6219.734873928253
631.9122937879172,6219.734873928253
641.9122937879172,6219.734873928253
651.9122937879172,6219.734873928253
661.9122937879172,6219.734873928253
671.9122937879172,6219.734873928253
681.9122937879172,6219.734873928253
151.91229378791718,6229.734873928253
161.91229378791718,6229.734873928253
171.91229378791718,6229.734873928253
181.91229378791718,6229.734873928253
191.91229378791718,6229.734873928253
201.91229378791718,6229.734873928253
211.91229378791718,6229.734873928253
221.91229378791718,6229.734873928253
231.91229378791718,6229.734873928253
241.91229378791718,6229.734873928253
251.91229378791718,6229.734873928253
261.9122937879172,6229.734873928253
271.9122937879172,6229.734873928253
281.9122937879172,6229.734873928253
291.9122937879172,6229.734873928253
301.9122937879172,6229.734873928253
311.9122937879172,6229.734873928253
321.9122937879172,6229.734873928253
331.9122937879172,6229.734873928253
341.9122937879172,6229.734873928253
351.9122937879172,6229.734873928253
361.9122937879172,6229.734873928253
371.9122937879172,6229.734873928253
381.9122937879172,6229.734873928253
391.9122937879172,6229.734873928253
401.9122937879172,6229.734873928253
411.9122937879172,6229.734873928253
421.9122937879172,6229.734873928253
431.9122937879172,6229.734873928253
441.9122937879172,6229.734873928253
451.9122937879172,6229.734873928253
461.9122937879172,6229.734873928253
471.9122937879172,6229.734873928253
481.9122937879172,6229.734873928253
491.9122937879172,6229.734873928253
501.9122937879172,6229.734873928253
511.9122937879172,6229.734873928253
521.9122937879172,6229.734873928253
531.9122937879172,6229.734873928253
541.9122937879172,6229.734873928253
551.9122937879172,6229.734873928253
561.9122937879172,6229.734873928253
571.9122937879172,6229.734873928253
581.9122937879172,6229.734873928253
591.9122937879172,6229.734873928253
601.9122937879172,6229.734873928253
611.9122937879172,6229.734873928253
621.9122937879172,6229.734873928253
631.9122937879172,6229.734873928253
641.9122937879172,6229.734873928253
651.9122937879172,6229.734873928253
661.9122937879172,6229.734873928253
671.9122937879172,6229.734873928253
681.9122937879172,6229.734873928253
691.9122937879172,6229.734873928253
701.9122937879172,6229.734873928253
711.9122937879172,6229.734873928253
721.9122937879172,6229.734873928253
731.9122937879172,6229.734873928253
741.9122937879172,6229.734873928253
751.9122937879172,6229.734873928253
151.91229378791718,6239.734873928253
161.91229378791718,6239.734873928253
171.91229378791718,6239.734873928253
181.91229378791718,6239.734873928253
191.91229378791718,6239.734873928253
201.91229378791718,6239.734873928253
211.91229378791718,6239.734873928253
221.91229378791718,6239.734873928253
231.91229378791718,6239.734873928253
241.91229378791718,6239.734873928253
251.91229378791718,6239.734873928253
261.9122937879172,6239.734873928253
271.9122937879172,6239.734873928253
281.9122937879172,6239.734873928253
291.9122937879172,6239.734873928253
301.9122937879172,6239.734873928253
311.9122937879172,6239.734873928253
321.9122937879172,6239.734873928253
331.9122937879172,6239.734873928253
341.9122937879172,6239.734873928253
351.9122937879172,6239.734873928253
361.9122937879172,6239.734873928253
371.9122937879172,6239.734873928253
381.9122937879172,6239.734873928253
391.9122937879172,6239.734873928253
401.9122937879172,6239.734873928253
411.9122937879172,6239.734873928253
421.9122937879172,6239.734873928253
431.9122937879172,6239.734873928253
441.9122937879172,6239.734873928253
451.9122937879172,6239.734873928253
461.9122937879172,6239.734873928253
471.9122937879172,6239.734873928253
481.9122937879172,6239.734873928253
491.9122937879172,6239.734873928253
501.9122937879172,6239.734873928253
511.9122937879172,6239.734873928253
521.9122937879172,6239.734873928253
531.9122937879172,6239.734873928253
541.9122937879172,6239.734873928253
551.9122937879172,6239.734873928253
561.9122937879172,6239.734873928253
571.9122937879172,6239.734873928253
581.9122937879172,6239.734873928253
591.9122937879172,6239.734873928253
601.9122937879172,6239.734873928253
611.9122937879172,6239.734873928253
621.9122937879172,6239.734873928253
631.9122937879172,6239.734873928253
641.9122937879172,6239.734873928253
651.9122937879172,6239.734873928253
661.9122937879172,6239.734873928253
671.9122937879172,6239.734873928253
681.9122937879172,6239.734873928253
691.9122937879172,6239.734873928253
701.9122937879172,6239.734873928253
711.9122937879172,6239.734873928253
721.9122937879172,6239.734873928253
731.9122937879172,6239.734873928253
741.9122937879172,6239.734873928253
751.9122937879172,6239.734873928253
151.91229378791718,6249.734873928253
161.91229378791718,6249.734873928253
171.91229378791718,6249.734873928253
181.91229378791718,6249.734873928253
191.91229378791718,6249.734873928253
201.91229378791718,6249.734873928253
211.91229378791718,6249.734873928253
221.91229378791718,6249.734873928253
231.91229378791718,6249.734873928253
241.91229378791718,6249.734873928253
251.91229378791718,6249.734873928253
261.9122937879172,6249.734873928253
271.9122937879172,6249.734873928253
281.9122937879172,6249.734873928253
291.9122937879172,6249.734873928253
301.9122937879172,6249.734873928253
311.9122937879172,6249.734873928253
321.9122937879172,6249.734873928253
331.9122937879172,6249.734873928253
341.9122937879172,6249.734873928253
351.9122937879172,6249.734873928253
361.9122937879172,6249.734873928253
371.9122937879172,6249.734873928253
381.9122937879172,6249.734873928253
391.9122937879172,6249.734873928253
401.9122937879172,6249.734873928253
411.9122937879172,6249.734873928253
421.9122937879172,6249.734873928253
431.9122937879172,6249.734873928253
441.9122937879172,6249.734873928253
451.9122937879172,6249.734873928253
461.9122937879172,6249.734873928253
471.9122937879172,6249.734873928253
481.9122937879172,6249.734873928253
491.9122937879172,6249.734873928253
501.9122937879172,6249.734873928253
511.9122937879172,6249.734873928253
521.9122937879172,6249.734873928253
531.9122937879172,6249.734873928253
541.9122937879172,6249.734873928253
551.9122937879172,6249.734873928253
561.9122937879172,6249.734873928253
571.9122937879172,6249.734873928253
581.9122937879172,6249.734873928253
591.9122937879172,6249.734873928253
601.9122937879172,6249.734873928253
611.9122937879172,6249.734873928253
621.9122937879172,6249.734873928253
631.9122937879172,6249.734873928253
641.9122937879172,6249.734873928253
651.9122937879172,6249.734873928253
661.9122937879172,6249.734873928253
671.9122937879172,6249.734873928253
681.9122937879172,6249.734873928253
691.9122937879172,6249.734873928253
701.9122937879172,6249.734873928253
711.9122937879172,6249.734873928253
721.9122937879172,6249.734873928253
731.9122937879172,6249.734873928253
741.9122937879172,6249.734873928253
751.9122937879172,6249.734873928253
81.91229378791718,6259.734873928253
91.91229378791718,6259.734873928253
101.91229378791718,6259.734873928253
111.91229378791718,6259.734873928253
121.91229378791718,6259.734873928253
131.91229378791718,6259.734873928253
141.91229378791718,6259.734873928253
151.91229378791718,6259.734873928253
161.91229378791718,6259.734873928253
171.91229378791718,6259.734873928253
181.91229378791718,6259.734873928253
191.91229378791718,6259.734873928253
201.91229378791718,6259.734873928253
211.91229378791718,6259.734873928253
221.91229378791718,6259.734873928253
231.91229378791718,6259.734873928253
241.91229378791718,6259.734873928253
251.91229378791718,6259.734873928253
261.9122937879172,6259.734873928253
271.9122937879172,6259.734873928253
281.9122937879172,6259.734873928253
291.9122937879172,6259.734873928253
301.9122937879172,6259.734873928253
311.9122937879172,6259.734873928253
321.9122937879172,6259.734873928253
331.9122937879172,6259.734873928253
341.9122937879172,6259.734873928253
351.9122937879172,6259.734873928253
361.9122937879172,6259.734873928253
371.9122937879172,6259.734873928253
381.9122937879172,6259.734873928253
391.9122937879172,6259.734873928253
401.9122937879172,6259.734873928253
411.9122937879172,6259.734873928253
421.9122937879172,6259.734873928253
431.9122937879172,6259.734873928253
441.9122937879172,6259.734873928253
451.9122937879172,6259.734873928253
461.9122937879172,6259.734873928253
471.9122937879172,6259.734873928253
481.9122937879172,6259.734873928253
491.9122937879172,6259.734873928253
501.9122937879172,6259.734873928253
511.9122937879172,6259.734873928253
521.9122937879172,6259.734873928253
531.9122937879172,6259.734873928253
541.9122937879172,6259.734873928253
551.9122937879172,6259.734873928253
561.9122937879172,6259.734873928253
571.9122937879172,6259.734873928253
581.9122937879172,6259.734873928253
591.9122937879172,6259.734873928253
601.9122937879172,6259.734873928253
611.9122937879172,6259.734873928253
621.9122937879172,6259.734873928253
631.9122937879172,6259.734873928253
641.9122937879172,6259.734873928253
651.9122937879172,6259.734873928253
661.9122937879172,6259.734873928253
671.9122937879172,6259.734873928253
681.9122937879172,6259.734873928253
691.9122937879172,6259.734873928253
701.9122937879172,6259.734873928253
711.9122937879172,6259.734873928253
721.9122937879172,6259.734873928253
731.9122937879172,6259.734873928253
741.9122937879172,6259.734873928253
751.9122937879172,6259.734873928253
81.91229378791718,6269.734873928253
91.91229378791718,6269.734873928253
101.91229378791718,6269.734873928253
111.91229378791718,6269.734873928253
121.91229378791718,6269.734873928253
131.91229378791718,6269.734873928253
141.91229378791718,6269.734873928253
151.91229378791718,6269.734873928253
161.91229378791718,6269.734873928253
171.91229378791718,6269.734873928253
181.91229378791718,6269.734873928253
191.91229378791718,6269.734873928253
201.91229378791718,6269.734873928253
211.91229378791718,6269.734873928253
221.91229378791718,6269.734873928253
231.91229378791718,6269.734873928253
241.91229378791718,6269.734873928253
251.91229378791718,6269.734873928253
261.9122937879172,6269.734873928253
271.9122937879172,6269.734873928253
281.9122937879172,6269.734873928253
291.9122937879172,6269.734873928253
301.9122937879172,6269.734873928253
311.9122937879172,6269.734873928253
321.9122937879172,6269.734873928253
331.9122937879172,6269.734873928253
341.9122937879172,6269.734873928253
351.9122937879172,6269.734873928253
361.9122937879172,6269.734873928253
371.9122937879172,6269.734873928253
381.9122937879172,6269.734873928253
391.9122937879172,6269.734873928253
401.9122937879172,6269.734873928253
411.9122937879172,6269.734873928253
421.9122937879172,6269.734873928253
431.9122937879172,6269.734873928253
441.9122937879172,6269.734873928253
451.9122937879172,6269.734873928253
461.9122937879172,6269.734873928253
471.9122937879172,6269.734873928253
481.9122937879172,6269.734873928253
491.9122937879172,6269.734873928253
501.9122937879172,6269.734873928253
511.9122937879172,6269.734873928253
521.9122937879172,6269.734873928253
531.9122937879172,6269.734873928253
541.9122937879172,6269.734873928253
551.9122937879172,6269.734873928253
561.9122937879172,6269.734873928253
571.9122937879172,6269.734873928253
581.9122937879172,6269.734873928253
591.9122937879172,6269.734873928253
601.9122937879172,6269.734873928253
611.9122937879172,6269.734873928253
621.9122937879172,6269.734873928253
631.9122937879172,6269.734873928253
641.9122937879172,6269.734873928253
651.9122937879172,6269.734873928253
661.9122937879172,6269.734873928253
671.9122937879172,6269.734873928253
681.9122937879172,6269.734873928253
691.9122937879172,6269.734873928253
701.9122937879172,6269.734873928253
711.9122937879172,6269.734873928253
721.9122937879172,6269.734873928253
731.9122937879172,6269.734873928253
741.9122937879172,6269.734873928253
751.9122937879172,6269.734873928253
81.91229378791718,6279.734873928253
91.91229378791718,6279.734873928253
101.91229378791718,6279.734873928253
111.91229378791718,6279.734873928253
121.91229378791718,6279.734873928253
131.91229378791718,6279.734873928253
141.91229378791718,6279.734873928253
151.91229378791718,6279.734873928253
161.91229378791718,6279.734873928253
171.91229378791718,6279.734873928253
181.91229378791718,6279.734873928253
191.91229378791718,6279.734873928253
201.91229378791718,6279.734873928253
211.91229378791718,6279.734873928253
221.91229378791718,6279.734873928253
231.91229378791718,6279.734873928253
241.91229378791718,6279.734873928253
251.91229378791718,6279.734873928253
261.9122937879172,6279.734873928253
271.9122937879172,6279.734873928253
281.9122937879172,6279.734873928253
291.9122937879172,6279.734873928253
301.9122937879172,6279.734873928253
311.9122937879172,6279.734873928253
321.9122937879172,6279.734873928253
331.9122937879172,6279.734873928253
341.9122937879172,6279.734873928253
351.9122937879172,6279.734873928253
361.9122937879172,6279.734873928253
371.9122937879172,6279.734873928253
381.9122937879172,6279.734873928253
391.9122937879172,6279.734873928253
401.9122937879172,6279.734873928253
411.9122937879172,6279.734873928253
421.9122937879172,6279.734873928253
431.9122937879172,6279.734873928253
441.9122937879172,6279.734873928253
451.9122937879172,6279.734873928253
461.9122937879172,6279.734873928253
471.9122937879172,6279.734873928253
481.9122937879172,6279.734873928253
491.9122937879172,6279.734873928253
501.9122937879172,6279.734873928253
511.9122937879172,6279.734873928253
521.9122937879172,6279.734873928253
531.9122937879172,6279.734873928253
541.9122937879172,6279.734873928253
551.9122937879172,6279.734873928253
561.9122937879172,6279.734873928253
571.9122937879172,6279.734873928253
581.9122937879172,6279.734873928253
591.9122937879172,6279.734873928253
601.9122937879172,6279.734873928253
611.9122937879172,6279.734873928253
621.9122937879172,6279.734873928253
631.9122937879172,6279.734873928253
641.9122937879172,6279.734873928253
651.9122937879172,6279.734873928253
661.9122937879172,6279.734873928253
671.9122937879172,6279.734873928253
681.9122937879172,6279.734873928253
691.9122937879172,6279.734873928253
701.9122937879172,6279.734873928253
711.9122937879172,6279.734873928253
721.9122937879172,6279.734873928253
731.9122937879172,6279.734873928253
741.9122937879172,6279.734873928253
751.9122937879172,6279.734873928253
1.9122937879171786,6289.734873928253
11.912293787917179,6289.734873928253
21.91229378791718,6289.734873928253
31.91229378791718,6289.734873928253
41.91229378791718,6289.734873928253
51.91229378791718,6289.734873928253
61.91229378791718,6289.734873928253
71.91229378791718,6289.734873928253
81.91229378791718,6289.734873928253
91.91229378791718,6289.734873928253
101.91229378791718,6289.734873928253
111.91229378791718,6289.734873928253
121.91229378791718,6289.734873928253
131.91229378791718,6289.734873928253
141.91229378791718,6289.734873928253
151.91229378791718,6289.734873928253
161.91229378791718,6289.734873928253
171.91229378791718,6289.734873928253
181.91229378791718,6289.734873928253
191.91229378791718,6289.734873928253
201.91229378791718,6289.734873928253
211.91229378791718,6289.734873928253
221.91229378791718,6289.734873928253
231.91229378791718,6289.734873928253
241.91229378791718,6289.734873928253
251.91229378791718,6289.734873928253
261.9122937879172,6289.734873928253
271.9122937879172,6289.734873928253
281.9122937879172,6289.734873928253
291.9122937879172,6289.734873928253
301.9122937879172,6289.734873928253
311.9122937879172,6289.734873928253
321.9122937879172,6289.734873928253
331.9122937879172,6289.734873928253
341.9122937879172,6289.734873928253
351.9122937879172,6289.734873928253
361.9122937879172,6289.734873928253
371.9122937879172,6289.734873928253
381.9122937879172,6289.734873928253
391.9122937879172,6289.734873928253
401.9122937879172,6289.734873928253
411.9122937879172,6289.734873928253
421.9122937879172,6289.734873928253
431.9122937879172,6289.734873928253
441.9122937879172,6289.734873928253
451.9122937879172,6289.734873928253
461.9122937879172,6289.734873928253
471.9122937879172,6289.734873928253
481.9122937879172,6289.734873928253
491.9122937879172,6289.734873928253
501.9122937879172,6289.734873928253
511.9122937879172,6289.734873928253
521.9122937879172,6289.734873928253
531.9122937879172,6289.734873928253
541.9122937879172,6289.734873928253
551.9122937879172,6289.734873928253
561.9122937879172,6289.734873928253
571.9122937879172,6289.734873928253
581.9122937879172,6289.734873928253
591.9122937879172,6289.734873928253
601.9122937879172,6289.734873928253
611.9122937879172,6289.734873928253
621.9122937879172,6289.734873928253
631.9122937879172,6289.734873928253
641.9122937879172,6289.734873928253
651.9122937879172,6289.734873928253
661.9122937879172,6289.734873928253
671.9122937879172,6289.734873928253
681.9122937879172,6289.734873928253
691.9122937879172,6289.734873928253
701.9122937879172,6289.734873928253
711.9122937879172,6289.734873928253
721.9122937879172,6289.734873928253
731.9122937879172,6289.734873928253
741.9122937879172,6289.734873928253
751.9122937879172,6289.734873928253
1.9122937879171786,6299.734873928253
11.912293787917179,6299.734873928253
21.91229378791718,6299.734873928253
31.91229378791718,6299.734873928253
41.91229378791718,6299.734873928253
51.91229378791718,6299.734873928253
61.91229378791718,6299.734873928253
71.91229378791718,6299.734873928253
81.91229378791718,6299.734873928253
91.91229378791718,6299.734873928253
101.91229378791718,6299.734873928253
111.91229378791718,6299.734873928253
121.91229378791718,6299.734873928253
131.91229378791718,6299.734873928253
141.91229378791718,6299.734873928253
151.91229378791718,6299.734873928253
161.91229378791718,6299.734873928253
171.91229378791718,6299.734873928253
181.91229378791718,6299.734873928253
191.91229378791718,6299.734873928253
201.91229378791718,6299.734873928253
211.91229378791718,6299.734873928253
221.91229378791718,6299.734873928253
231.91229378791718,6299.734873928253
241.91229378791718,6299.734873928253
251.91229378791718,6299.734873928253
261.9122937879172,6299.734873928253
271.9122937879172,6299.734873928253
281.9122937879172,6299.734873928253
291.9122937879172,6299.734873928253
301.9122937879172,6299.734873928253
311.9122937879172,6299.734873928253
321.9122937879172,6299.734873928253
331.9122937879172,6299.734873928253
341.9122937879172,6299.734873928253
351.9122937879172,6299.734873928253
361.9122937879172,6299.734873928253
371.9122937879172,6299.734873928253
381.9122937879172,6299.734873928253
391.9122937879172,6299.734873928253
401.9122937879172,6299.734873928253
411.9122937879172,6299.734873928253
421.9122937879172,6299.734873928253
431.9122937879172,6299.734873928253
441.9122937879172,6299.734873928253
451.9122937879172,6299.734873928253
461.9122937879172,6299.734873928253
471.9122937879172,6299.734873928253
481.9122937879172,6299.734873928253
491.9122937879172,6299.734873928253
501.9122937879172,6299.734873928253
511.9122937879172,6299.734873928253
521.9122937879172,6299.734873928253
531.9122937879172,6299.734873928253
541.9122937879172,6299.734873928253
551.9122937879172,6299.734873928253
561.9122937879172,6299.734873928253
571.9122937879172,6299.734873928253
581.9122937879172,6299.734873928253
591.9122937879172,6299.734873928253
601.9122937879172,6299.734873928253
611.9122937879172,6299.734873928253
621.9122937879172,6299.734873928253
631.9122937879172,6299.734873928253
641.9122937879172,6299.734873928253
651.9122937879172,6299.734873928253
661.9122937879172,6299.734873928253
671.9122937879172,6299.734873928253
681.9122937879172,6299.734873928253
691.9122937879172,6299.734873928253
701.9122937879172,6299.734873928253
711.9122937879172,6299.734873928253
721.9122937879172,6299.734873928253
731.9122937879172,6299.734873928253
741.9122937879172,6299.734873928253
751.9122937879172,6299.734873928253
1.9122937879171786,6309.734873928253
11.912293787917179,6309.734873928253
21.91229378791718,6309.734873928253
31.91229378791718,6309.734873928253
41.91229378791718,6309.734873928253
51.91229378791718,6309.734873928253
61.91229378791718,6309.734873928253
71.91229378791718,6309.734873928253
81.91229378791718,6309.734873928253
91.91229378791718,6309.734873928253
101.91229378791718,6309.734873928253
111.91229378791718,6309.734873928253
121.91229378791718,6309.734873928253
131.91229378791718,6309.734873928253
141.91229378791718,6309.734873928253
151.91229378791718,6309.734873928253
161.91229378791718,6309.734873928253
171.91229378791718,6309.734873928253
181.91229378791718,6309.734873928253
191.91229378791718,6309.734873928253
201.91229378791718,6309.734873928253
211.91229378791718,6309.734873928253
221.91229378791718,6309.734873928253
231.91229378791718,6309.734873928253
241.91229378791718,6309.734873928253
251.91229378791718,6309.734873928253
261.9122937879172,6309.734873928253
271.9122937879172,6309.734873928253
281.9122937879172,6309.734873928253
291.9122937879172,6309.734873928253
301.9122937879172,6309.734873928253
311.9122937879172,6309.734873928253
321.9122937879172,6309.734873928253
331.9122937879172,6309.734873928253
341.9122937879172,6309.734873928253
351.9122937879172,6309.734873928253
361.9122937879172,6309.734873928253
371.9122937879172,6309.734873928253
381.9122937879172,6309.734873928253
391.9122937879172,6309.734873928253
401.9122937879172,6309.734873928253
411.9122937879172,6309.734873928253
421.9122937879172,6309.734873928253
431.9122937879172,6309.734873928253
441.9122937879172,6309.734873928253
451.9122937879172,6309.734873928253
461.9122937879172,6309.734873928253
471.9122937879172,6309.734873928253
481.9122937879172,6309.734873928253
491.9122937879172,6309.734873928253
501.9122937879172,6309.734873928253
511.9122937879172,6309.734873928253
521.9122937879172,6309.734873928253
531.9122937879172,6309.734873928253
541.9122937879172,6309.734873928253
551.9122937879172,6309.734873928253
561.9122937879172,6309.734873928253
571.9122937879172,6309.734873928253
581.9122937879172,6309.734873928253
591.9122937879172,6309.734873928253
601.9122937879172,6309.734873928253
611.9122937879172,6309.734873928253
621.9122937879172,6309.734873928253
631.9122937879172,6309.734873928253
641.9122937879172,6309.734873928253
651.9122937879172,6309.734873928253
661.9122937879172,6309.734873928253
671.9122937879172,6309.734873928253
681.9122937879172,6309.734873928253
691.9122937879172,6309.734873928253
701.9122937879172,6309.734873928253
711.9122937879172,6309.734873928253
721.9122937879172,6309.734873928253
731.9122937879172,6309.734873928253
741.9122937879172,6309.734873928253
751.9122937879172,6309.734873928253
1.9122937879171786,6319.734873928253
11.912293787917179,6319.734873928253
21.91229378791718,6319.734873928253
31.91229378791718,6319.734873928253
41.91229378791718,6319.734873928253
51.91229378791718,6319.734873928253
61.91229378791718,6319.734873928253
71.91229378791718,6319.734873928253
81.91229378791718,6319.734873928253
91.91229378791718,6319.734873928253
101.91229378791718,6319.734873928253
111.91229378791718,6319.734873928253
121.91229378791718,6319.734873928253
131.91229378791718,6319.734873928253
141.91229378791718,6319.734873928253
151.91229378791718,6319.734873928253
161.91229378791718,6319.734873928253
171.91229378791718,6319.734873928253
181.91229378791718,6319.734873928253
191.91229378791718,6319.734873928253
201.91229378791718,6319.734873928253
211.91229378791718,6319.734873928253
221.91229378791718,6319.734873928253
231.91229378791718,6319.734873928253
241.91229378791718,6319.734873928253
251.91229378791718,6319.734873928253
261.9122937879172,6319.734873928253
271.9122937879172,6319.734873928253
281.9122937879172,6319.734873928253
291.9122937879172,6319.734873928253
301.9122937879172,6319.734873928253
311.9122937879172,6319.734873928253
321.9122937879172,6319.734873928253
331.9122937879172,6319.734873928253
341.9122937879172,6319.734873928253
351.9122937879172,6319.734873928253
361.9122937879172,6319.734873928253
371.9122937879172,6319.734873928253
381.9122937879172,6319.734873928253
391.9122937879172,6319.734873928253
401.9122937879172,6319.734873928253
411.9122937879172,6319.734873928253
421.9122937879172,6319.734873928253
431.9122937879172,6319.734873928253
441.9122937879172,6319.734873928253
451.9122937879172,6319.734873928253
461.9122937879172,6319.734873928253
471.9122937879172,6319.734873928253
481.9122937879172,6319.734873928253
491.9122937879172,6319.734873928253
501.9122937879172,6319.734873928253
511.9122937879172,6319.734873928253
521.9122937879172,6319.734873928253
531.9122937879172,6319.734873928253
541.9122937879172,6319.734873928253
551.9122937879172,6319.734873928253
561.9122937879172,6319.734873928253
571.9122937879172,6319.734873928253
581.9122937879172,6319.734873928253
591.9122937879172,6319.734873928253
601.9122937879172,6319.734873928253
611.9122937879172,6319.734873928253
621.9122937879172,6319.734873928253
631.9122937879172,6319.734873928253
641.9122937879172,6319.734873928253
651.9122937879172,6319.734873928253
661.9122937879172,6319.734873928253
671.9122937879172,6319.734873928253
681.9122937879172,6319.734873928253
691.9122937879172,6319.734873928253
701.9122937879172,6319.734873928253
711.9122937879172,6319.734873928253
721.9122937879172,6319.734873928253
731.9122937879172,6319.734873928253
741.9122937879172,6319.734873928253
751.9122937879172,6319.734873928253
1.9122937879171786,6329.734873928253
11.912293787917179,6329.734873928253
21.91229378791718,6329.734873928253
31.91229378791718,6329.734873928253
41.91229378791718,6329.734873928253
51.91229378791718,6329.734873928253
61.91229378791718,6329.734873928253
71.91229378791718,6329.734873928253
81.91229378791718,6329.734873928253
91.91229378791718,6329.734873928253
101.91229378791718,6329.734873928253
111.91229378791718,6329.734873928253
121.91229378791718,6329.734873928253
131.91229378791718,6329.734873928253
141.91229378791718,6329.734873928253
151.91229378791718,6329.734873928253
161.91229378791718,6329.734873928253
171.91229378791718,6329.734873928253
181.91229378791718,6329.734873928253
191.91229378791718,6329.734873928253
201.91229378791718,6329.734873928253
211.91229378791718,6329.734873928253
221.91229378791718,6329.734873928253
231.91229378791718,6329.734873928253
241.91229378791718,6329.734873928253
251.91229378791718,6329.734873928253
261.9122937879172,6329.734873928253
271.9122937879172,6329.734873928253
281.9122937879172,6329.734873928253
291.9122937879172,6329.734873928253
301.9122937879172,6329.734873928253
311.9122937879172,6329.734873928253
321.9122937879172,6329.734873928253
331.9122937879172,6329.734873928253
341.9122937879172,6329.734873928253
351.9122937879172,6329.734873928253
361.9122937879172,6329.734873928253
371.9122937879172,6329.734873928253
381.9122937879172,6329.734873928253
391.9122937879172,6329.734873928253
401.9122937879172,6329.734873928253
411.9122937879172,6329.734873928253
421.9122937879172,6329.734873928253
431.9122937879172,6329.734873928253
441.9122937879172,6329.734873928253
451.9122937879172,6329.734873928253
461.9122937879172,6329.734873928253
471.9122937879172,6329.734873928253
481.9122937879172,6329.734873928253
491.9122937879172,6329.734873928253
501.9122937879172,6329.734873928253
511.9122937879172,6329.734873928253
521.9122937879172,6329.734873928253
531.9122937879172,6329.734873928253
541.9122937879172,6329.734873928253
551.9122937879172,6329.734873928253
561.9122937879172,6329.734873928253
571.9122937879172,6329.734873928253
581.9122937879172,6329.734873928253
591.9122937879172,6329.734873928253
601.9122937879172,6329.734873928253
611.9122937879172,6329.734873928253
621.9122937879172,6329.734873928253
631.9122937879172,6329.734873928253
641.9122937879172,6329.734873928253
651.9122937879172,6329.734873928253
661.9122937879172,6329.734873928253
671.9122937879172,6329.734873928253
681.9122937879172,6329.734873928253
691.9122937879172,6329.734873928253
701.9122937879172,6329.734873928253
711.9122937879172,6329.734873928253
721.9122937879172,6329.734873928253
731.9122937879172,6329.734873928253
741.9122937879172,6329.734873928253
1.9122937879171786,6339.734873928253
11.912293787917179,6339.734873928253
21.91229378791718,6339.734873928253
31.91229378791718,6339.734873928253
41.91229378791718,6339.734873928253
51.91229378791718,6339.734873928253
61.91229378791718,6339.734873928253
71.91229378791718,6339.734873928253
81.91229378791718,6339.734873928253
91.91229378791718,6339.734873928253
101.91229378791718,6339.734873928253
111.91229378791718,6339.734873928253
121.91229378791718,6339.734873928253
131.91229378791718,6339.734873928253
141.91229378791718,6339.734873928253
151.91229378791718,6339.734873928253
161.91229378791718,6339.734873928253
171.91229378791718,6339.734873928253
181.91229378791718,6339.734873928253
191.91229378791718,6339.734873928253
201.91229378791718,6339.734873928253
211.91229378791718,6339.734873928253
221.91229378791718,6339.734873928253
231.91229378791718,6339.734873928253
241.91229378791718,6339.734873928253
251.91229378791718,6339.734873928253
261.9122937879172,6339.734873928253
271.9122937879172,6339.734873928253
281.9122937879172,6339.734873928253
291.9122937879172,6339.734873928253
301.9122937879172,6339.734873928253
311.9122937879172,6339.734873928253
321.9122937879172,6339.734873928253
331.9122937879172,6339.734873928253
341.9122937879172,6339.734873928253
351.9122937879172,6339.734873928253
361.9122937879172,6339.734873928253
371.9122937879172,6339.734873928253
381.9122937879172,6339.734873928253
391.9122937879172,6339.734873928253
401.9122937879172,6339.734873928253
411.9122937879172,6339.734873928253
421.9122937879172,6339.734873928253
431.9122937879172,6339.734873928253
441.9122937879172,6339.734873928253
451.9122937879172,6339.734873928253
461.9122937879172,6339.734873928253
471.9122937879172,6339.734873928253
481.9122937879172,6339.734873928253
491.9122937879172,6339.734873928253
501.9122937879172,6339.734873928253
511.9122937879172,6339.734873928253
521.9122937879172,6339.734873928253
531.9122937879172,6339.734873928253
541.9122937879172,6339.734873928253
551.9122937879172,6339.734873928253
561.9122937879172,6339.734873928253
571.9122937879172,6339.734873928253
581.9122937879172,6339.734873928253
591.9122937879172,6339.734873928253
601.9122937879172,6339.734873928253
611.9122937879172,6339.734873928253
621.9122937879172,6339.734873928253
631.9122937879172,6339.734873928253
641.9122937879172,6339.734873928253
651.9122937879172,6339.734873928253
661.9122937879172,6339.734873928253
671.9122937879172,6339.734873928253
701.9122937879172,6339.734873928253
711.9122937879172,6339.734873928253
721.9122937879172,6339.734873928253
731.9122937879172,6339.734873928253
741.9122937879172,6339.734873928253
-68.08770621208282,6349.734873928253
-58.08770621208282,6349.734873928253
-48.08770621208282,6349.734873928253
-38.08770621208282,6349.734873928253
-28.08770621208282,6349.734873928253
-18.08770621208282,6349.734873928253
-8.087706212082821,6349.734873928253
1.9122937879171786,6349.734873928253
11.912293787917179,6349.734873928253
21.91229378791718,6349.734873928253
31.91229378791718,6349.734873928253
41.91229378791718,6349.734873928253
51.91229378791718,6349.734873928253
61.91229378791718,6349.734873928253
71.91229378791718,6349.734873928253
81.91229378791718,6349.734873928253
91.91229378791718,6349.734873928253
101.91229378791718,6349.734873928253
111.91229378791718,6349.734873928253
121.91229378791718,6349.734873928253
131.91229378791718,6349.734873928253
141.91229378791718,6349.734873928253
151.91229378791718,6349.734873928253
161.91229378791718,6349.734873928253
171.91229378791718,6349.734873928253
181.91229378791718,6349.734873928253
191.91229378791718,6349.734873928253
201.91229378791718,6349.734873928253
211.91229378791718,6349.734873928253
221.91229378791718,6349.734873928253
231.91229378791718,6349.734873928253
241.91229378791718,6349.734873928253
251.91229378791718,6349.734873928253
261.9122937879172,6349.734873928253
271.9122937879172,6349.734873928253
281.9122937879172,6349.734873928253
291.9122937879172,6349.734873928253
301.9122937879172,6349.734873928253
311.9122937879172,6349.734873928253
321.9122937879172,6349.734873928253
331.9122937879172,6349.734873928253
341.9122937879172,6349.734873928253
351.9122937879172,6349.734873928253
361.9122937879172,6349.734873928253
371.9122937879172,6349.734873928253
381.9122937879172,6349.734873928253
391.9122937879172,6349.734873928253
401.9122937879172,6349.734873928253
411.9122937879172,6349.734873928253
421.9122937879172,6349.734873928253
431.9122937879172,6349.734873928253
441.9122937879172,6349.734873928253
451.9122937879172,6349.734873928253
481.9122937879172,6349.734873928253
491.9122937879172,6349.734873928253
501.9122937879172,6349.734873928253
511.9122937879172,6349.734873928253
521.9122937879172,6349.734873928253
-68.08770621208282,6359.734873928253
-58.08770621208282,6359.734873928253
-48.08770621208282,6359.734873928253
-38.08770621208282,6359.734873928253
-28.08770621208282,6359.734873928253
-18.08770621208282,6359.734873928253
-8.087706212082821,6359.734873928253
1.9122937879171786,6359.734873928253
11.912293787917179,6359.734873928253
21.91229378791718,6359.734873928253
31.91229378791718,6359.734873928253
41.91229378791718,6359.734873928253
51.91229378791718,6359.734873928253
61.91229378791718,6359.734873928253
71.91229378791718,6359.734873928253
81.91229378791718,6359.734873928253
91.91229378791718,6359.734873928253
101.91229378791718,6359.734873928253
111.91229378791718,6359.734873928253
121.91229378791718,6359.734873928253
131.91229378791718,6359.734873928253
141.91229378791718,6359.734873928253
151.91229378791718,6359.734873928253
161.91229378791718,6359.734873928253
171.91229378791718,6359.734873928253
181.91229378791718,6359.734873928253
191.91229378791718,6359.734873928253
201.91229378791718,6359.734873928253
211.91229378791718,6359.734873928253
221.91229378791718,6359.734873928253
231.91229378791718,6359.734873928253
241.91229378791718,6359.734873928253
251.91229378791718,6359.734873928253
261.9122937879172,6359.734873928253
271.9122937879172,6359.734873928253
281.9122937879172,6359.734873928253
291.9122937879172,6359.734873928253
301.9122937879172,6359.734873928253
311.9122937879172,6359.734873928253
321.9122937879172,6359.734873928253
331.9122937879172,6359.734873928253
341.9122937879172,6359.734873928253
351.9122937879172,6359.734873928253
361.9122937879172,6359.734873928253
371.9122937879172,6359.734873928253
381.9122937879172,6359.734873928253
391.9122937879172,6359.734873928253
401.9122937879172,6359.734873928253
411.9122937879172,6359.734873928253
421.9122937879172,6359.734873928253
431.9122937879172,6359.734873928253
441.9122937879172,6359.734873928253
451.9122937879172,6359.734873928253
-68.08770621208282,6369.734873928253
-58.08770621208282,6369.734873928253
-48.08770621208282,6369.734873928253
-38.08770621208282,6369.734873928253
-28.08770621208282,6369.734873928253
-18.08770621208282,6369.734873928253
-8.087706212082821,6369.734873928253
1.9122937879171786,6369.734873928253
11.912293787917179,6369.734873928253
21.91229378791718,6369.734873928253
31.91229378791718,6369.734873928253
41.91229378791718,6369.734873928253
51.91229378791718,6369.734873928253
61.91229378791718,6369.734873928253
71.91229378791718,6369.734873928253
81.91229378791718,6369.734873928253
91.91229378791718,6369.734873928253
101.91229378791718,6369.734873928253
111.91229378791718,6369.734873928253
121.91229378791718,6369.734873928253
131.91229378791718,6369.734873928253
141.91229378791718,6369.734873928253
151.91229378791718,6369.734873928253
161.91229378791718,6369.734873928253
171.91229378791718,6369.734873928253
181.91229378791718,6369.734873928253
191.91229378791718,6369.734873928253
201.91229378791718,6369.734873928253
211.91229378791718,6369.734873928253
221.91229378791718,6369.734873928253
231.91229378791718,6369.734873928253
241.91229378791718,6369.734873928253
251.91229378791718,6369.734873928253
261.9122937879172,6369.734873928253
271.9122937879172,6369.734873928253
281.9122937879172,6369.734873928253
291.9122937879172,6369.734873928253
301.9122937879172,6369.734873928253
311.9122937879172,6369.734873928253
321.9122937879172,6369.734873928253
331.9122937879172,6369.734873928253
341.9122937879172,6369.734873928253
351.9122937879172,6369.734873928253
361.9122937879172,6369.734873928253
371.9122937879172,6369.734873928253
381.9122937879172,6369.734873928253
391.9122937879172,6369.734873928253
401.9122937879172,6369.734873928253
411.9122937879172,6369.734873928253
421.9122937879172,6369.734873928253
431.9122937879172,6369.734873928253
441.9122937879172,6369.734873928253
451.9122937879172,6369.734873928253
-68.08770621208282,6379.734873928253
-58.08770621208282,6379.734873928253
-48.08770621208282,6379.734873928253
-38.08770621208282,6379.734873928253
-28.08770621208282,6379.734873928253
-18.08770621208282,6379.734873928253
-8.087706212082821,6379.734873928253
1.9122937879171786,6379.734873928253
11.912293787917179,6379.734873928253
21.91229378791718,6379.734873928253
31.91229378791718,6379.734873928253
41.91229378791718,6379.734873928253
51.91229378791718,6379.734873928253
61.91229378791718,6379.734873928253
71.91229378791718,6379.734873928253
81.91229378791718,6379.734873928253
91.91229378791718,6379.734873928253
101.91229378791718,6379.734873928253
111.91229378791718,6379.734873928253
121.91229378791718,6379.734873928253
131.91229378791718,6379.734873928253
141.91229378791718,6379.734873928253
151.91229378791718,6379.734873928253
161.91229378791718,6379.734873928253
171.91229378791718,6379.734873928253
181.91229378791718,6379.734873928253
191.91229378791718,6379.734873928253
201.91229378791718,6379.734873928253
211.91229378791718,6379.734873928253
221.91229378791718,6379.734873928253
231.91229378791718,6379.734873928253
241.91229378791718,6379.734873928253
251.91229378791718,6379.734873928253
261.9122937879172,6379.734873928253
271.9122937879172,6379.734873928253
281.9122937879172,6379.734873928253
291.9122937879172,6379.734873928253
301.9122937879172,6379.734873928253
311.9122937879172,6379.734873928253
321.9122937879172,6379.734873928253
331.9122937879172,6379.734873928253
341.9122937879172,6379.734873928253
351.9122937879172,6379.734873928253
361.9122937879172,6379.734873928253
371.9122937879172,6379.734873928253
381.9122937879172,6379.734873928253
391.9122937879172,6379.734873928253
401.9122937879172,6379.734873928253
411.9122937879172,6379.734873928253
421.9122937879172,6379.734873928253
431.9122937879172,6379.734873928253
441.9122937879172,6379.734873928253
451.9122937879172,6379.734873928253
-68.08770621208282,6389.734873928253
-58.08770621208282,6389.734873928253
-48.08770621208282,6389.734873928253
-38.08770621208282,6389.734873928253
-28.08770621208282,6389.734873928253
-18.08770621208282,6389.734873928253
-8.087706212082821,6389.734873928253
1.9122937879171786,6389.734873928253
11.912293787917179,6389.734873928253
21.91229378791718,6389.734873928253
31.91229378791718,6389.734873928253
41.91229378791718,6389.734873928253
51.91229378791718,6389.734873928253
61.91229378791718,6389.734873928253
71.91229378791718,6389.734873928253
81.91229378791718,6389.734873928253
91.91229378791718,6389.734873928253
101.91229378791718,6389.734873928253
111.91229378791718,6389.734873928253
121.91229378791718,6389.734873928253
131.91229378791718,6389.734873928253
141.91229378791718,6389.734873928253
151.91229378791718,6389.734873928253
161.91229378791718,6389.734873928253
171.91229378791718,6389.734873928253
181.91229378791718,6389.734873928253
191.91229378791718,6389.734873928253
201.91229378791718,6389.734873928253
211.91229378791718,6389.734873928253
221.91229378791718,6389.734873928253
231.91229378791718,6389.734873928253
241.91229378791718,6389.734873928253
251.91229378791718,6389.734873928253
261.9122937879172,6389.734873928253
271.9122937879172,6389.734873928253
281.9122937879172,6389.734873928253
291.9122937879172,6389.734873928253
301.9122937879172,6389.734873928253
311.9122937879172,6389.734873928253
321.9122937879172,6389.734873928253
331.9122937879172,6389.734873928253
341.9122937879172,6389.734873928253
351.9122937879172,6389.734873928253
361.9122937879172,6389.734873928253
371.9122937879172,6389.734873928253
381.9122937879172,6389.734873928253
391.9122937879172,6389.734873928253
401.9122937879172,6389.734873928253
411.9122937879172,6389.734873928253
421.9122937879172,6389.734873928253
431.9122937879172,6389.734873928253
441.9122937879172,6389.734873928253
451.9122937879172,6389.734873928253
-68.08770621208282,6399.734873928253
-58.08770621208282,6399.734873928253
-48.08770621208282,6399.734873928253
-38.08770621208282,6399.734873928253
-28.08770621208282,6399.734873928253
-18.08770621208282,6399.734873928253
-8.087706212082821,6399.734873928253
1.9122937879171786,6399.734873928253
11.912293787917179,6399.734873928253
21.91229378791718,6399.734873928253
31.91229378791718,6399.734873928253
41.91229378791718,6399.734873928253
51.91229378791718,6399.734873928253
61.91229378791718,6399.734873928253
71.91229378791718,6399.734873928253
81.91229378791718,6399.734873928253
91.91229378791718,6399.734873928253
101.91229378791718,6399.734873928253
111.91229378791718,6399.734873928253
121.91229378791718,6399.734873928253
131.91229378791718,6399.734873928253
141.91229378791718,6399.734873928253
151.91229378791718,6399.734873928253
161.91229378791718,6399.734873928253
171.91229378791718,6399.734873928253
181.91229378791718,6399.734873928253
191.91229378791718,6399.734873928253
201.91229378791718,6399.734873928253
211.91229378791718,6399.734873928253
221.91229378791718,6399.734873928253
231.91229378791718,6399.734873928253
241.91229378791718,6399.734873928253
251.91229378791718,6399.734873928253
261.9122937879172,6399.734873928253
271.9122937879172,6399.734873928253
281.9122937879172,6399.734873928253
291.9122937879172,6399.734873928253
301.9122937879172,6399.734873928253
311.9122937879172,6399.734873928253
321.9122937879172,6399.734873928253
331.9122937879172,6399.734873928253
341.9122937879172,6399.734873928253
351.9122937879172,6399.734873928253
361.9122937879172,6399.734873928253
371.9122937879172,6399.734873928253
381.9122937879172,6399.734873928253
391.9122937879172,6399.734873928253
401.9122937879172,6399.734873928253
411.9122937879172,6399.734873928253
421.9122937879172,6399.734873928253
431.9122937879172,6399.734873928253
441.9122937879172,6399.734873928253
451.9122937879172,6399.734873928253
-68.08770621208282,6409.734873928253
-58.08770621208282,6409.734873928253
-48.08770621208282,6409.734873928253
-38.08770621208282,6409.734873928253
-28.08770621208282,6409.734873928253
-18.08770621208282,6409.734873928253
-8.087706212082821,6409.734873928253
1.9122937879171786,6409.734873928253
11.912293787917179,6409.734873928253
21.91229378791718,6409.734873928253
31.91229378791718,6409.734873928253
41.91229378791718,6409.734873928253
51.91229378791718,6409.734873928253
61.91229378791718,6409.734873928253
71.91229378791718,6409.734873928253
81.91229378791718,6409.734873928253
91.91229378791718,6409.734873928253
101.91229378791718,6409.734873928253
111.91229378791718,6409.734873928253
121.91229378791718,6409.734873928253
131.91229378791718,6409.734873928253
141.91229378791718,6409.734873928253
151.91229378791718,6409.734873928253
161.91229378791718,6409.734873928253
171.91229378791718,6409.734873928253
181.91229378791718,6409.734873928253
191.91229378791718,6409.734873928253
201.91229378791718,6409.734873928253
211.91229378791718,6409.734873928253
221.91229378791718,6409.734873928253
231.91229378791718,6409.734873928253
241.91229378791718,6409.734873928253
251.91229378791718,6409.734873928253
261.9122937879172,6409.734873928253
271.9122937879172,6409.734873928253
281.9122937879172,6409.734873928253
291.9122937879172,6409.734873928253
301.9122937879172,6409.734873928253
311.9122937879172,6409.734873928253
321.9122937879172,6409.734873928253
331.9122937879172,6409.734873928253
341.9122937879172,6409.734873928253
351.9122937879172,6409.734873928253
361.9122937879172,6409.734873928253
371.9122937879172,6409.734873928253
-68.08770621208282,6419.734873928253
-58.08770621208282,6419.734873928253
-48.08770621208282,6419.734873928253
-38.08770621208282,6419.734873928253
-28.08770621208282,6419.734873928253
-18.08770621208282,6419.734873928253
-8.087706212082821,6419.734873928253
1.9122937879171786,6419.734873928253
11.912293787917179,6419.734873928253
21.91229378791718,6419.734873928253
31.91229378791718,6419.734873928253
41.91229378791718,6419.734873928253
51.91229378791718,6419.734873928253
61.91229378791718,6419.734873928253
71.91229378791718,6419.734873928253
81.91229378791718,6419.734873928253
91.91229378791718,6419.734873928253
101.91229378791718,6419.734873928253
111.91229378791718,6419.734873928253
121.91229378791718,6419.734873928253
131.91229378791718,6419.734873928253
141.91229378791718,6419.734873928253
151.91229378791718,6419.734873928253
161.91229378791718,6419.734873928253
171.91229378791718,6419.734873928253
181.91229378791718,6419.734873928253
191.91229378791718,6419.734873928253
201.91229378791718,6419.734873928253
211.91229378791718,6419.734873928253
221.91229378791718,6419.734873928253
231.91229378791718,6419.734873928253
241.91229378791718,6419.734873928253
251.91229378791718,6419.734873928253
261.9122937879172,6419.734873928253
271.9122937879172,6419.734873928253
281.9122937879172,6419.734873928253
291.9122937879172,6419.734873928253
301.9122937879172,6419.734873928253
311.9122937879172,6419.734873928253
321.9122937879172,6419.734873928253
331.9122937879172,6419.734873928253
341.9122937879172,6419.734873928253
351.9122937879172,6419.734873928253
361.9122937879172,6419.734873928253
371.9122937879172,6419.734873928253
-68.08770621208282,6429.734873928253
-58.08770621208282,6429.734873928253
-48.08770621208282,6429.734873928253
-38.08770621208282,6429.734873928253
-28.08770621208282,6429.734873928253
-18.08770621208282,6429.734873928253
-8.087706212082821,6429.734873928253
1.9122937879171786,6429.734873928253
11.912293787917179,6429.734873928253
21.91229378791718,6429.734873928253
31.91229378791718,6429.734873928253
41.91229378791718,6429.734873928253
51.91229378791718,6429.734873928253
61.91229378791718,6429.734873928253
71.91229378791718,6429.734873928253
81.91229378791718,6429.734873928253
91.91229378791718,6429.734873928253
101.91229378791718,6429.734873928253
111.91229378791718,6429.734873928253
121.91229378791718,6429.734873928253
131.91229378791718,6429.734873928253
141.91229378791718,6429.734873928253
151.91229378791718,6429.734873928253
161.91229378791718,6429.734873928253
171.91229378791718,6429.734873928253
181.91229378791718,6429.734873928253
191.91229378791718,6429.734873928253
201.91229378791718,6429.734873928253
211.91229378791718,6429.734873928253
221.91229378791718,6429.734873928253
231.91229378791718,6429.734873928253
241.91229378791718,6429.734873928253
251.91229378791718,6429.734873928253
261.9122937879172,6429.734873928253
271.9122937879172,6429.734873928253
281.9122937879172,6429.734873928253
291.9122937879172,6429.734873928253
301.9122937879172,6429.734873928253
311.9122937879172,6429.734873928253
321.9122937879172,6429.734873928253
331.9122937879172,6429.734873928253
341.9122937879172,6429.734873928253
351.9122937879172,6429.734873928253
361.9122937879172,6429.734873928253
371.9122937879172,6429.734873928253
-68.08770621208282,6439.734873928253
-58.08770621208282,6439.734873928253
-48.08770621208282,6439.734873928253
-38.08770621208282,6439.734873928253
-28.08770621208282,6439.734873928253
-18.08770621208282,6439.734873928253
-8.087706212082821,6439.734873928253
1.9122937879171786,6439.734873928253
11.912293787917179,6439.734873928253
21.91229378791718,6439.734873928253
31.91229378791718,6439.734873928253
41.91229378791718,6439.734873928253
51.91229378791718,6439.734873928253
61.91229378791718,6439.734873928253
71.91229378791718,6439.734873928253
81.91229378791718,6439.734873928253
91.91229378791718,6439.734873928253
101.91229378791718,6439.734873928253
111.91229378791718,6439.734873928253
121.91229378791718,6439.734873928253
131.91229378791718,6439.734873928253
141.91229378791718,6439.734873928253
151.91229378791718,6439.734873928253
161.91229378791718,6439.734873928253
171.91229378791718,6439.734873928253
181.91229378791718,6439.734873928253
191.91229378791718,6439.734873928253
201.91229378791718,6439.734873928253
211.91229378791718,6439.734873928253
221.91229378791718,6439.734873928253
231.91229378791718,6439.734873928253
241.91229378791718,6439.734873928253
251.91229378791718,6439.734873928253
261.9122937879172,6439.734873928253
271.9122937879172,6439.734873928253
281.9122937879172,6439.734873928253
291.9122937879172,6439.734873928253
301.9122937879172,6439.734873928253
311.9122937879172,6439.734873928253
321.9122937879172,6439.734873928253
331.9122937879172,6439.734873928253
341.9122937879172,6439.734873928253
351.9122937879172,6439.734873928253
361.9122937879172,6439.734873928253
371.9122937879172,6439.734873928253
-68.08770621208282,6449.734873928253
-58.08770621208282,6449.734873928253
-48.08770621208282,6449.734873928253
-38.08770621208282,6449.734873928253
-28.08770621208282,6449.734873928253
-18.08770621208282,6449.734873928253
-8.087706212082821,6449.734873928253
1.9122937879171786,6449.734873928253
11.912293787917179,6449.734873928253
21.91229378791718,6449.734873928253
31.91229378791718,6449.734873928253
41.91229378791718,6449.734873928253
51.91229378791718,6449.734873928253
61.91229378791718,6449.734873928253
71.91229378791718,6449.734873928253
81.91229378791718,6449.734873928253
91.91229378791718,6449.734873928253
101.91229378791718,6449.734873928253
111.91229378791718,6449.734873928253
121.91229378791718,6449.734873928253
131.91229378791718,6449.734873928253
141.91229378791718,6449.734873928253
151.91229378791718,6449.734873928253
161.91229378791718,6449.734873928253
171.91229378791718,6449.734873928253
181.91229378791718,6449.734873928253
191.91229378791718,6449.734873928253
201.91229378791718,6449.734873928253
211.91229378791718,6449.734873928253
221.91229378791718,6449.734873928253
231.91229378791718,6449.734873928253
241.91229378791718,6449.734873928253
251.91229378791718,6449.734873928253
261.9122937879172,6449.734873928253
271.9122937879172,6449.734873928253
281.9122937879172,6449.734873928253
291.9122937879172,6449.734873928253
301.9122937879172,6449.734873928253
311.9122937879172,6449.734873928253
321.9122937879172,6449.734873928253
331.9122937879172,6449.734873928253
341.9122937879172,6449.734873928253
351.9122937879172,6449.734873928253
361.9122937879172,6449.734873928253
371.9122937879172,6449.734873928253
-68.08770621208282,6459.734873928253
-58.08770621208282,6459.734873928253
-48.08770621208282,6459.734873928253
-38.08770621208282,6459.734873928253
-28.08770621208282,6459.734873928253
-18.08770621208282,6459.734873928253
-8.087706212082821,6459.734873928253
1.9122937879171786,6459.734873928253
11.912293787917179,6459.734873928253
21.91229378791718,6459.734873928253
31.91229378791718,6459.734873928253
41.91229378791718,6459.734873928253
51.91229378791718,6459.734873928253
61.91229378791718,6459.734873928253
71.91229378791718,6459.734873928253
81.91229378791718,6459.734873928253
91.91229378791718,6459.734873928253
101.91229378791718,6459.734873928253
111.91229378791718,6459.734873928253
121.91229378791718,6459.734873928253
131.91229378791718,6459.734873928253
141.91229378791718,6459.734873928253
151.91229378791718,6459.734873928253
161.91229378791718,6459.734873928253
171.91229378791718,6459.734873928253
181.91229378791718,6459.734873928253
191.91229378791718,6459.734873928253
201.91229378791718,6459.734873928253
211.91229378791718,6459.734873928253
221.91229378791718,6459.734873928253
231.91229378791718,6459.734873928253
241.91229378791718,6459.734873928253
251.91229378791718,6459.734873928253
261.9122937879172,6459.734873928253
271.9122937879172,6459.734873928253
281.9122937879172,6459.734873928253
291.9122937879172,6459.734873928253
301.9122937879172,6459.734873928253
-68.08770621208282,6469.734873928253
-58.08770621208282,6469.734873928253
-48.08770621208282,6469.734873928253
-38.08770621208282,6469.734873928253
-28.08770621208282,6469.734873928253
-18.08770621208282,6469.734873928253
-8.087706212082821,6469.734873928253
1.9122937879171786,6469.734873928253
11.912293787917179,6469.734873928253
21.91229378791718,6469.734873928253
31.91229378791718,6469.734873928253
41.91229378791718,6469.734873928253
51.91229378791718,6469.734873928253
61.91229378791718,6469.734873928253
71.91229378791718,6469.734873928253
81.91229378791718,6469.734873928253
91.91229378791718,6469.734873928253
101.91229378791718,6469.734873928253
111.91229378791718,6469.734873928253
121.91229378791718,6469.734873928253
131.91229378791718,6469.734873928253
141.91229378791718,6469.734873928253
151.91229378791718,6469.734873928253
161.91229378791718,6469.734873928253
171.91229378791718,6469.734873928253
181.91229378791718,6469.734873928253
191.91229378791718,6469.734873928253
201.91229378791718,6469.734873928253
211.91229378791718,6469.734873928253
221.91229378791718,6469.734873928253
231.91229378791718,6469.734873928253
241.91229378791718,6469.734873928253
251.91229378791718,6469.734873928253
261.9122937879172,6469.734873928253
271.9122937879172,6469.734873928253
281.9122937879172,6469.734873928253
291.9122937879172,6469.734873928253
301.9122937879172,6469.734873928253
-68.08770621208282,6479.734873928253
-58.08770621208282,6479.734873928253
-48.08770621208282,6479.734873928253
-38.08770621208282,6479.734873928253
-28.08770621208282,6479.734873928253
-18.08770621208282,6479.734873928253
-8.087706212082821,6479.734873928253
1.9122937879171786,6479.734873928253
11.912293787917179,6479.734873928253
21.91229378791718,6479.734873928253
31.91229378791718,6479.734873928253
41.91229378791718,6479.734873928253
51.91229378791718,6479.734873928253
61.91229378791718,6479.734873928253
71.91229378791718,6479.734873928253
81.91229378791718,6479.734873928253
91.91229378791718,6479.734873928253
101.91229378791718,6479.734873928253
111.91229378791718,6479.734873928253
121.91229378791718,6479.734873928253
131.91229378791718,6479.734873928253
141.91229378791718,6479.734873928253
151.91229378791718,6479.734873928253
161.91229378791718,6479.734873928253
171.91229378791718,6479.734873928253
181.91229378791718,6479.734873928253
191.91229378791718,6479.734873928253
201.91229378791718,6479.734873928253
211.91229378791718,6479.734873928253
221.91229378791718,6479.734873928253
231.91229378791718,6479.734873928253
241.91229378791718,6479.734873928253
251.91229378791718,6479.734873928253
261.9122937879172,6479.734873928253
271.9122937879172,6479.734873928253
281.9122937879172,6479.734873928253
291.9122937879172,6479.734873928253
301.9122937879172,6479.734873928253
-68.08770621208282,6489.734873928253
-58.08770621208282,6489.734873928253
-48.08770621208282,6489.734873928253
-38.08770621208282,6489.734873928253
-28.08770621208282,6489.734873928253
-18.08770621208282,6489.734873928253
-8.087706212082821,6489.734873928253
1.9122937879171786,6489.734873928253
11.912293787917179,6489.734873928253
21.91229378791718,6489.734873928253
31.91229378791718,6489.734873928253
41.91229378791718,6489.734873928253
51.91229378791718,6489.734873928253
61.91229378791718,6489.734873928253
71.91229378791718,6489.734873928253
81.91229378791718,6489.734873928253
91.91229378791718,6489.734873928253
101.91229378791718,6489.734873928253
111.91229378791718,6489.734873928253
121.91229378791718,6489.734873928253
131.91229378791718,6489.734873928253
141.91229378791718,6489.734873928253
151.91229378791718,6489.734873928253
161.91229378791718,6489.734873928253
171.91229378791718,6489.734873928253
181.91229378791718,6489.734873928253
191.91229378791718,6489.734873928253
201.91229378791718,6489.734873928253
211.91229378791718,6489.734873928253
221.91229378791718,6489.734873928253
-68.08770621208282,6499.734873928253
-58.08770621208282,6499.734873928253
-48.08770621208282,6499.734873928253
-38.08770621208282,6499.734873928253
-28.08770621208282,6499.734873928253
-18.08770621208282,6499.734873928253
-8.087706212082821,6499.734873928253
1.9122937879171786,6499.734873928253
11.912293787917179,6499.734873928253
21.91229378791718,6499.734873928253
31.91229378791718,6499.734873928253
41.91229378791718,6499.734873928253
51.91229378791718,6499.734873928253
61.91229378791718,6499.734873928253
71.91229378791718,6499.734873928253
81.91229378791718,6499.734873928253
91.91229378791718,6499.734873928253
101.91229378791718,6499.734873928253
111.91229378791718,6499.734873928253
121.91229378791718,6499.734873928253
131.91229378791718,6499.734873928253
141.91229378791718,6499.734873928253
151.91229378791718,6499.734873928253
161.91229378791718,6499.734873928253
171.91229378791718,6499.734873928253
181.91229378791718,6499.734873928253
191.91229378791718,6499.734873928253
201.91229378791718,6499.734873928253
211.91229378791718,6499.734873928253
221.91229378791718,6499.734873928253
-148.08770621208282,6509.734873928253
-138.08770621208282,6509.734873928253
-128.08770621208282,6509.734873928253
-118.08770621208282,6509.734873928253
-108.08770621208282,6509.734873928253
-98.08770621208282,6509.734873928253
-88.08770621208282,6509.734873928253
-78.08770621208282,6509.734873928253
-68.08770621208282,6509.734873928253
-58.08770621208282,6509.734873928253
-48.08770621208282,6509.734873928253
-38.08770621208282,6509.734873928253
-28.08770621208282,6509.734873928253
-18.08770621208282,6509.734873928253
-8.087706212082821,6509.734873928253
1.9122937879171786,6509.734873928253
11.912293787917179,6509.734873928253
21.91229378791718,6509.734873928253
31.91229378791718,6509.734873928253
41.91229378791718,6509.734873928253
51.91229378791718,6509.734873928253
61.91229378791718,6509.734873928253
71.91229378791718,6509.734873928253
81.91229378791718,6509.734873928253
91.91229378791718,6509.734873928253
101.91229378791718,6509.734873928253
111.91229378791718,6509.734873928253
121.91229378791718,6509.734873928253
131.91229378791718,6509.734873928253
141.91229378791718,6509.734873928253
151.91229378791718,6509.734873928253
161.91229378791718,6509.734873928253
171.91229378791718,6509.734873928253
181.91229378791718,6509.734873928253
191.91229378791718,6509.734873928253
201.91229378791718,6509.734873928253
211.91229378791718,6509.734873928253
221.91229378791718,6509.734873928253
-148.08770621208282,6519.734873928253
-138.08770621208282,6519.734873928253
-128.08770621208282,6519.734873928253
-118.08770621208282,6519.734873928253
-108.08770621208282,6519.734873928253
-98.08770621208282,6519.734873928253
-88.08770621208282,6519.734873928253
-78.08770621208282,6519.734873928253
-68.08770621208282,6519.734873928253
-58.08770621208282,6519.734873928253
-48.08770621208282,6519.734873928253
-38.08770621208282,6519.734873928253
-28.08770621208282,6519.734873928253
-18.08770621208282,6519.734873928253
-8.087706212082821,6519.734873928253
1.9122937879171786,6519.734873928253
11.912293787917179,6519.734873928253
21.91229378791718,6519.734873928253
31.91229378791718,6519.734873928253
41.91229378791718,6519.734873928253
51.91229378791718,6519.734873928253
61.91229378791718,6519.734873928253
71.91229378791718,6519.734873928253
81.91229378791718,6519.734873928253
91.91229378791718,6519.734873928253
101.91229378791718,6519.734873928253
111.91229378791718,6519.734873928253
121.91229378791718,6519.734873928253
131.91229378791718,6519.734873928253
141.91229378791718,6519.734873928253
151.91229378791718,6519.734873928253
161.91229378791718,6519.734873928253
171.91229378791718,6519.734873928253
181.91229378791718,6519.734873928253
191.91229378791718,6519.734873928253
201.91229378791718,6519.734873928253
211.91229378791718,6519.734873928253
221.91229378791718,6519.734873928253
-148.08770621208282,6529.734873928253
-138.08770621208282,6529.734873928253
-128.08770621208282,6529.734873928253
-118.08770621208282,6529.734873928253
-108.08770621208282,6529.734873928253
-98.08770621208282,6529.734873928253
-88.08770621208282,6529.734873928253
-78.08770621208282,6529.734873928253
-68.08770621208282,6529.734873928253
-58.08770621208282,6529.734873928253
-48.08770621208282,6529.734873928253
-38.08770621208282,6529.734873928253
-28.08770621208282,6529.734873928253
-18.08770621208282,6529.734873928253
-8.087706212082821,6529.734873928253
1.9122937879171786,6529.734873928253
11.912293787917179,6529.734873928253
21.91229378791718,6529.734873928253
31.91229378791718,6529.734873928253
41.91229378791718,6529.734873928253
51.91229378791718,6529.734873928253
61.91229378791718,6529.734873928253
71.91229378791718,6529.734873928253
81.91229378791718,6529.734873928253
91.91229378791718,6529.734873928253
101.91229378791718,6529.734873928253
111.91229378791718,6529.734873928253
121.91229378791718,6529.734873928253
131.91229378791718,6529.734873928253
141.91229378791718,6529.734873928253
151.91229378791718,6529.734873928253
161.91229378791718,6529.734873928253
171.91229378791718,6529.734873928253
181.91229378791718,6529.734873928253
191.91229378791718,6529.734873928253
201.91229378791718,6529.734873928253
211.91229378791718,6529.734873928253
221.91229378791718,6529.734873928253
-148.08770621208282,6539.734873928253
-138.08770621208282,6539.734873928253
-128.08770621208282,6539.734873928253
-118.08770621208282,6539.734873928253
-108.08770621208282,6539.734873928253
-98.08770621208282,6539.734873928253
-88.08770621208282,6539.734873928253
-78.08770621208282,6539.734873928253
-68.08770621208282,6539.734873928253
-58.08770621208282,6539.734873928253
-48.08770621208282,6539.734873928253
-38.08770621208282,6539.734873928253
-28.08770621208282,6539.734873928253
-18.08770621208282,6539.734873928253
-8.087706212082821,6539.734873928253
1.9122937879171786,6539.734873928253
11.912293787917179,6539.734873928253
21.91229378791718,6539.734873928253
31.91229378791718,6539.734873928253
41.91229378791718,6539.734873928253
51.91229378791718,6539.734873928253
61.91229378791718,6539.734873928253
71.91229378791718,6539.734873928253
81.91229378791718,6539.734873928253
91.91229378791718,6539.734873928253
101.91229378791718,6539.734873928253
111.91229378791718,6539.734873928253
121.91229378791718,6539.734873928253
131.91229378791718,6539.734873928253
141.91229378791718,6539.734873928253
151.91229378791718,6539.734873928253
161.91229378791718,6539.734873928253
171.91229378791718,6539.734873928253
181.91229378791718,6539.734873928253
191.91229378791718,6539.734873928253
201.91229378791718,6539.734873928253
211.91229378791718,6539.734873928253
221.91229378791718,6539.734873928253
-178.08770621208282,6549.734873928253
-168.08770621208282,6549.734873928253
-158.08770621208282,6549.734873928253
-148.08770621208282,6549.734873928253
-138.08770621208282,6549.734873928253
-128.08770621208282,6549.734873928253
-118.08770621208282,6549.734873928253
-108.08770621208282,6549.734873928253
-98.08770621208282,6549.734873928253
-88.08770621208282,6549.734873928253
-78.08770621208282,6549.734873928253
-68.08770621208282,6549.734873928253
-58.08770621208282,6549.734873928253
-48.08770621208282,6549.734873928253
-38.08770621208282,6549.734873928253
-28.08770621208282,6549.734873928253
-18.08770621208282,6549.734873928253
-8.087706212082821,6549.734873928253
1.9122937879171786,6549.734873928253
11.912293787917179,6549.734873928253
21.91229378791718,6549.734873928253
31.91229378791718,6549.734873928253
41.91229378791718,6549.734873928253
51.91229378791718,6549.734873928253
61.91229378791718,6549.734873928253
71.91229378791718,6549.734873928253
81.91229378791718,6549.734873928253
91.91229378791718,6549.734873928253
101.91229378791718,6549.734873928253
111.91229378791718,6549.734873928253
121.91229378791718,6549.734873928253
131.91229378791718,6549.734873928253
141.91229378791718,6549.734873928253
151.91229378791718,6549.734873928253
161.91229378791718,6549.734873928253
171.91229378791718,6549.734873928253
181.91229378791718,6549.734873928253
191.91229378791718,6549.734873928253
201.91229378791718,6549.734873928253
211.91229378791718,6549.734873928253
221.91229378791718,6549.734873928253
-218.08770621208282,6559.734873928253
-208.08770621208282,6559.734873928253
-198.08770621208282,6559.734873928253
-188.08770621208282,6559.734873928253
-178.08770621208282,6559.734873928253
-168.08770621208282,6559.734873928253
-158.08770621208282,6559.734873928253
-148.08770621208282,6559.734873928253
-138.08770621208282,6559.734873928253
-128.08770621208282,6559.734873928253
-118.08770621208282,6559.734873928253
-108.08770621208282,6559.734873928253
-98.08770621208282,6559.734873928253
-88.08770621208282,6559.734873928253
-78.08770621208282,6559.734873928253
-68.08770621208282,6559.734873928253
-58.08770621208282,6559.734873928253
-48.08770621208282,6559.734873928253
-38.08770621208282,6559.734873928253
-28.08770621208282,6559.734873928253
-18.08770621208282,6559.734873928253
-8.087706212082821,6559.734873928253
1.9122937879171786,6559.734873928253
11.912293787917179,6559.734873928253
21.91229378791718,6559.734873928253
31.91229378791718,6559.734873928253
41.91229378791718,6559.734873928253
51.91229378791718,6559.734873928253
61.91229378791718,6559.734873928253
71.91229378791718,6559.734873928253
81.91229378791718,6559.734873928253
91.91229378791718,6559.734873928253
101.91229378791718,6559.734873928253
111.91229378791718,6559.734873928253
121.91229378791718,6559.734873928253
131.91229378791718,6559.734873928253
141.91229378791718,6559.734873928253
151.91229378791718,6559.734873928253
161.91229378791718,6559.734873928253
171.91229378791718,6559.734873928253
181.91229378791718,6559.734873928253
191.91229378791718,6559.734873928253
201.91229378791718,6559.734873928253
211.91229378791718,6559.734873928253
221.91229378791718,6559.734873928253
-218.08770621208282,6569.734873928253
-208.08770621208282,6569.734873928253
-198.08770621208282,6569.734873928253
-188.08770621208282,6569.734873928253
-178.08770621208282,6569.734873928253
-168.08770621208282,6569.734873928253
-158.08770621208282,6569.734873928253
-148.08770621208282,6569.734873928253
-138.08770621208282,6569.734873928253
-128.08770621208282,6569.734873928253
-118.08770621208282,6569.734873928253
-108.08770621208282,6569.734873928253
-98.08770621208282,6569.734873928253
-88.08770621208282,6569.734873928253
-78.08770621208282,6569.734873928253
-68.08770621208282,6569.734873928253
-58.08770621208282,6569.734873928253
-48.08770621208282,6569.734873928253
-38.08770621208282,6569.734873928253
-28.08770621208282,6569.734873928253
-18.08770621208282,6569.734873928253
-8.087706212082821,6569.734873928253
1.9122937879171786,6569.734873928253
11.912293787917179,6569.734873928253
21.91229378791718,6569.734873928253
31.91229378791718,6569.734873928253
41.91229378791718,6569.734873928253
51.91229378791718,6569.734873928253
61.91229378791718,6569.734873928253
71.91229378791718,6569.734873928253
81.91229378791718,6569.734873928253
91.91229378791718,6569.734873928253
101.91229378791718,6569.734873928253
111.91229378791718,6569.734873928253
121.91229378791718,6569.734873928253
131.91229378791718,6569.734873928253
141.91229378791718,6569.734873928253
151.91229378791718,6569.734873928253
161.91229378791718,6569.734873928253
171.91229378791718,6569.734873928253
181.91229378791718,6569.734873928253
191.91229378791718,6569.734873928253
201.91229378791718,6569.734873928253
211.91229378791718,6569.734873928253
221.91229378791718,6569.734873928253
-258.0877062120828,6579.734873928253
-248.08770621208282,6579.734873928253
-238.08770621208282,6579.734873928253
-228.08770621208282,6579.734873928253
-218.08770621208282,6579.734873928253
-208.08770621208282,6579.734873928253
-198.08770621208282,6579.734873928253
-188.08770621208282,6579.734873928253
-178.08770621208282,6579.734873928253
-168.08770621208282,6579.734873928253
-158.08770621208282,6579.734873928253
-148.08770621208282,6579.734873928253
-138.08770621208282,6579.734873928253
-128.08770621208282,6579.734873928253
-118.08770621208282,6579.734873928253
-108.08770621208282,6579.734873928253
-98.08770621208282,6579.734873928253
-88.08770621208282,6579.734873928253
-78.08770621208282,6579.734873928253
-68.08770621208282,6579.734873928253
-58.08770621208282,6579.734873928253
-48.08770621208282,6579.734873928253
-38.08770621208282,6579.734873928253
-28.08770621208282,6579.734873928253
-18.08770621208282,6579.734873928253
-8.087706212082821,6579.734873928253
1.9122937879171786,6579.734873928253
11.912293787917179,6579.734873928253
21.91229378791718,6579.734873928253
31.91229378791718,6579.734873928253
41.91229378791718,6579.734873928253
51.91229378791718,6579.734873928253
61.91229378791718,6579.734873928253
71.91229378791718,6579.734873928253
81.91229378791718,6579.734873928253
91.91229378791718,6579.734873928253
101.91229378791718,6579.734873928253
111.91229378791718,6579.734873928253
121.91229378791718,6579.734873928253
131.91229378791718,6579.734873928253
141.91229378791718,6579.734873928253
151.91229378791718,6579.734873928253
161.91229378791718,6579.734873928253
171.91229378791718,6579.734873928253
181.91229378791718,6579.734873928253
191.91229378791718,6579.734873928253
201.91229378791718,6579.734873928253
211.91229378791718,6579.734873928253
221.91229378791718,6579.734873928253
-258.0877062120828,6589.734873928253
-248.08770621208282,6589.734873928253
-238.08770621208282,6589.734873928253
-228.08770621208282,6589.734873928253
-218.08770621208282,6589.734873928253
-208.08770621208282,6589.734873928253
-198.08770621208282,6589.734873928253
-188.08770621208282,6589.734873928253
-178.08770621208282,6589.734873928253
-168.08770621208282,6589.734873928253
-158.08770621208282,6589.734873928253
-148.08770621208282,6589.734873928253
-138.08770621208282,6589.734873928253
-128.08770621208282,6589.734873928253
-118.08770621208282,6589.734873928253
-108.08770621208282,6589.734873928253
-98.08770621208282,6589.734873928253
-88.08770621208282,6589.734873928253
-78.08770621208282,6589.734873928253
-68.08770621208282,6589.734873928253
-58.08770621208282,6589.734873928253
-48.08770621208282,6589.734873928253
-38.08770621208282,6589.734873928253
-28.08770621208282,6589.734873928253
-18.08770621208282,6589.734873928253
-8.087706212082821,6589.734873928253
1.9122937879171786,6589.734873928253
11.912293787917179,6589.734873928253
21.91229378791718,6589.734873928253
31.91229378791718,6589.734873928253
41.91229378791718,6589.734873928253
51.91229378791718,6589.734873928253
61.91229378791718,6589.734873928253
71.91229378791718,6589.734873928253
81.91229378791718,6589.734873928253
91.91229378791718,6589.734873928253
101.91229378791718,6589.734873928253
111.91229378791718,6589.734873928253
121.91229378791718,6589.734873928253
131.91229378791718,6589.734873928253
141.91229378791718,6589.734873928253
151.91229378791718,6589.734873928253
161.91229378791718,6589.734873928253
171.91229378791718,6589.734873928253
181.91229378791718,6589.734873928253
191.91229378791718,6589.734873928253
201.91229378791718,6589.734873928253
211.91229378791718,6589.734873928253
221.91229378791718,6589.734873928253
-288.0877062120828,6599.734873928253
-278.0877062120828,6599.734873928253
-268.0877062120828,6599.734873928253
-258.0877062120828,6599.734873928253
-248.08770621208282,6599.734873928253
-238.08770621208282,6599.734873928253
-228.08770621208282,6599.734873928253
-218.08770621208282,6599.734873928253
-208.08770621208282,6599.734873928253
-198.08770621208282,6599.734873928253
-188.08770621208282,6599.734873928253
-178.08770621208282,6599.734873928253
-168.08770621208282,6599.734873928253
-158.08770621208282,6599.734873928253
-148.08770621208282,6599.734873928253
-138.08770621208282,6599.734873928253
-128.08770621208282,6599.734873928253
-118.08770621208282,6599.734873928253
-108.08770621208282,6599.734873928253
-98.08770621208282,6599.734873928253
-88.08770621208282,6599.734873928253
-78.08770621208282,6599.734873928253
-68.08770621208282,6599.734873928253
-58.08770621208282,6599.734873928253
-48.08770621208282,6599.734873928253
-38.08770621208282,6599.734873928253
-28.08770621208282,6599.734873928253
-18.08770621208282,6599.734873928253
-8.087706212082821,6599.734873928253
1.9122937879171786,6599.734873928253
11.912293787917179,6599.734873928253
21.91229378791718,6599.734873928253
31.91229378791718,6599.734873928253
41.91229378791718,6599.734873928253
51.91229378791718,6599.734873928253
61.91229378791718,6599.734873928253
71.91229378791718,6599.734873928253
81.91229378791718,6599.734873928253
91.91229378791718,6599.734873928253
101.91229378791718,6599.734873928253
111.91229378791718,6599.734873928253
121.91229378791718,6599.734873928253
131.91229378791718,6599.734873928253
141.91229378791718,6599.734873928253
151.91229378791718,6599.734873928253
161.91229378791718,6599.734873928253
171.91229378791718,6599.734873928253
181.91229378791718,6599.734873928253
191.91229378791718,6599.734873928253
201.91229378791718,6599.734873928253
211.91229378791718,6599.734873928253
221.91229378791718,6599.734873928253
-288.0877062120828,6609.734873928253
-278.0877062120828,6609.734873928253
-268.0877062120828,6609.734873928253
-258.0877062120828,6609.734873928253
-248.08770621208282,6609.734873928253
-238.08770621208282,6609.734873928253
-228.08770621208282,6609.734873928253
-218.08770621208282,6609.734873928253
-208.08770621208282,6609.734873928253
-198.08770621208282,6609.734873928253
-188.08770621208282,6609.734873928253
-178.08770621208282,6609.734873928253
-168.08770621208282,6609.734873928253
-158.08770621208282,6609.734873928253
-148.08770621208282,6609.734873928253
-138.08770621208282,6609.734873928253
-128.08770621208282,6609.734873928253
-118.08770621208282,6609.734873928253
-108.08770621208282,6609.734873928253
-98.08770621208282,6609.734873928253
-88.08770621208282,6609.734873928253
-78.08770621208282,6609.734873928253
-68.08770621208282,6609.734873928253
-58.08770621208282,6609.734873928253
-48.08770621208282,6609.734873928253
-38.08770621208282,6609.734873928253
-28.08770621208282,6609.734873928253
-18.08770621208282,6609.734873928253
-8.087706212082821,6609.734873928253
1.9122937879171786,6609.734873928253
11.912293787917179,6609.734873928253
21.91229378791718,6609.734873928253
31.91229378791718,6609.734873928253
41.91229378791718,6609.734873928253
51.91229378791718,6609.734873928253
61.91229378791718,6609.734873928253
71.91229378791718,6609.734873928253
81.91229378791718,6609.734873928253
91.91229378791718,6609.734873928253
101.91229378791718,6609.734873928253
111.91229378791718,6609.734873928253
121.91229378791718,6609.734873928253
131.91229378791718,6609.734873928253
141.91229378791718,6609.734873928253
151.91229378791718,6609.734873928253
161.91229378791718,6609.734873928253
171.91229378791718,6609.734873928253
181.91229378791718,6609.734873928253
191.91229378791718,6609.734873928253
201.91229378791718,6609.734873928253
211.91229378791718,6609.734873928253
221.91229378791718,6609.734873928253
-288.0877062120828,6619.734873928253
-278.0877062120828,6619.734873928253
-268.0877062120828,6619.734873928253
-258.0877062120828,6619.734873928253
-248.08770621208282,6619.734873928253
-238.08770621208282,6619.734873928253
-228.08770621208282,6619.734873928253
-218.08770621208282,6619.734873928253
-208.08770621208282,6619.734873928253
-198.08770621208282,6619.734873928253
-188.08770621208282,6619.734873928253
-178.08770621208282,6619.734873928253
-168.08770621208282,6619.734873928253
-158.08770621208282,6619.734873928253
-148.08770621208282,6619.734873928253
-138.08770621208282,6619.734873928253
-128.08770621208282,6619.734873928253
-118.08770621208282,6619.734873928253
-108.08770621208282,6619.734873928253
-98.08770621208282,6619.734873928253
-88.08770621208282,6619.734873928253
-78.08770621208282,6619.734873928253
-68.08770621208282,6619.734873928253
-58.08770621208282,6619.734873928253
-48.08770621208282,6619.734873928253
-38.08770621208282,6619.734873928253
-28.08770621208282,6619.734873928253
-18.08770621208282,6619.734873928253
-8.087706212082821,6619.734873928253
1.9122937879171786,6619.734873928253
11.912293787917179,6619.734873928253
21.91229378791718,6619.734873928253
31.91229378791718,6619.734873928253
41.91229378791718,6619.734873928253
51.91229378791718,6619.734873928253
61.91229378791718,6619.734873928253
71.91229378791718,6619.734873928253
81.91229378791718,6619.734873928253
91.91229378791718,6619.734873928253
101.91229378791718,6619.734873928253
111.91229378791718,6619.734873928253
121.91229378791718,6619.734873928253
131.91229378791718,6619.734873928253
141.91229378791718,6619.734873928253
151.91229378791718,6619.734873928253
161.91229378791718,6619.734873928253
171.91229378791718,6619.734873928253
181.91229378791718,6619.734873928253
191.91229378791718,6619.734873928253
201.91229378791718,6619.734873928253
211.91229378791718,6619.734873928253
221.91229378791718,6619.734873928253
-288.0877062120828,6629.734873928253
-278.0877062120828,6629.734873928253
-268.0877062120828,6629.734873928253
-258.0877062120828,6629.734873928253
-248.08770621208282,6629.734873928253
-238.08770621208282,6629.734873928253
-228.08770621208282,6629.734873928253
-218.08770621208282,6629.734873928253
-208.08770621208282,6629.734873928253
-198.08770621208282,6629.734873928253
-188.08770621208282,6629.734873928253
-178.08770621208282,6629.734873928253
-168.08770621208282,6629.734873928253
-158.08770621208282,6629.734873928253
-148.08770621208282,6629.734873928253
-138.08770621208282,6629.734873928253
-128.08770621208282,6629.734873928253
-118.08770621208282,6629.734873928253
-108.08770621208282,6629.734873928253
-98.08770621208282,6629.734873928253
-88.08770621208282,6629.734873928253
-78.08770621208282,6629.734873928253
-68.08770621208282,6629.734873928253
-58.08770621208282,6629.734873928253
-48.08770621208282,6629.734873928253
-38.08770621208282,6629.734873928253
-28.08770621208282,6629.734873928253
-18.08770621208282,6629.734873928253
-8.087706212082821,6629.734873928253
1.9122937879171786,6629.734873928253
11.912293787917179,6629.734873928253
21.91229378791718,6629.734873928253
31.91229378791718,6629.734873928253
41.91229378791718,6629.734873928253
51.91229378791718,6629.734873928253
61.91229378791718,6629.734873928253
71.91229378791718,6629.734873928253
81.91229378791718,6629.734873928253
91.91229378791718,6629.734873928253
101.91229378791718,6629.734873928253
111.91229378791718,6629.734873928253
121.91229378791718,6629.734873928253
131.91229378791718,6629.734873928253
141.91229378791718,6629.734873928253
151.91229378791718,6629.734873928253
161.91229378791718,6629.734873928253
171.91229378791718,6629.734873928253
181.91229378791718,6629.734873928253
191.91229378791718,6629.734873928253
201.91229378791718,6629.734873928253
211.91229378791718,6629.734873928253
221.91229378791718,6629.734873928253
-288.0877062120828,6639.734873928253
-278.0877062120828,6639.734873928253
-268.0877062120828,6639.734873928253
-258.0877062120828,6639.734873928253
-248.08770621208282,6639.734873928253
-238.08770621208282,6639.734873928253
-228.08770621208282,6639.734873928253
-218.08770621208282,6639.734873928253
-208.08770621208282,6639.734873928253
-198.08770621208282,6639.734873928253
-188.08770621208282,6639.734873928253
-178.08770621208282,6639.734873928253
-168.08770621208282,6639.734873928253
-158.08770621208282,6639.734873928253
-148.08770621208282,6639.734873928253
-138.08770621208282,6639.734873928253
-128.08770621208282,6639.734873928253
-118.08770621208282,6639.734873928253
-108.08770621208282,6639.734873928253
-98.08770621208282,6639.734873928253
-88.08770621208282,6639.734873928253
-78.08770621208282,6639.734873928253
-68.08770621208282,6639.734873928253
-58.08770621208282,6639.734873928253
-48.08770621208282,6639.734873928253
-38.08770621208282,6639.734873928253
-28.08770621208282,6639.734873928253
-18.08770621208282,6639.734873928253
-8.087706212082821,6639.734873928253
1.9122937879171786,6639.734873928253
11.912293787917179,6639.734873928253
21.91229378791718,6639.734873928253
31.91229378791718,6639.734873928253
41.91229378791718,6639.734873928253
51.91229378791718,6639.734873928253
61.91229378791718,6639.734873928253
71.91229378791718,6639.734873928253
81.91229378791718,6639.734873928253
91.91229378791718,6639.734873928253
101.91229378791718,6639.734873928253
111.91229378791718,6639.734873928253
121.91229378791718,6639.734873928253
131.91229378791718,6639.734873928253
141.91229378791718,6639.734873928253
151.91229378791718,6639.734873928253
161.91229378791718,6639.734873928253
171.91229378791718,6639.734873928253
181.91229378791718,6639.734873928253
191.91229378791718,6639.734873928253
201.91229378791718,6639.734873928253
211.91229378791718,6639.734873928253
221.91229378791718,6639.734873928253
-288.0877062120828,6649.734873928253
-278.0877062120828,6649.734873928253
-268.0877062120828,6649.734873928253
-258.0877062120828,6649.734873928253
-248.08770621208282,6649.734873928253
-238.08770621208282,6649.734873928253
-228.08770621208282,6649.734873928253
-218.08770621208282,6649.734873928253
-208.08770621208282,6649.734873928253
-198.08770621208282,6649.734873928253
-188.08770621208282,6649.734873928253
-178.08770621208282,6649.734873928253
-168.08770621208282,6649.734873928253
-158.08770621208282,6649.734873928253
-148.08770621208282,6649.734873928253
-138.08770621208282,6649.734873928253
-128.08770621208282,6649.734873928253
-118.08770621208282,6649.734873928253
-108.08770621208282,6649.734873928253
-98.08770621208282,6649.734873928253
-88.08770621208282,6649.734873928253
-78.08770621208282,6649.734873928253
-68.08770621208282,6649.734873928253
-58.08770621208282,6649.734873928253
-48.08770621208282,6649.734873928253
-38.08770621208282,6649.734873928253
-28.08770621208282,6649.734873928253
-18.08770621208282,6649.734873928253
-8.087706212082821,6649.734873928253
1.9122937879171786,6649.734873928253
11.912293787917179,6649.734873928253
21.91229378791718,6649.734873928253
31.91229378791718,6649.734873928253
41.91229378791718,6649.734873928253
51.91229378791718,6649.734873928253
61.91229378791718,6649.734873928253
71.91229378791718,6649.734873928253
81.91229378791718,6649.734873928253
91.91229378791718,6649.734873928253
101.91229378791718,6649.734873928253
111.91229378791718,6649.734873928253
121.91229378791718,6649.734873928253
131.91229378791718,6649.734873928253
141.91229378791718,6649.734873928253
151.91229378791718,6649.734873928253
161.91229378791718,6649.734873928253
171.91229378791718,6649.734873928253
181.91229378791718,6649.734873928253
191.91229378791718,6649.734873928253
201.91229378791718,6649.734873928253
211.91229378791718,6649.734873928253
221.91229378791718,6649.734873928253
-288.0877062120828,6659.734873928253
-278.0877062120828,6659.734873928253
-268.0877062120828,6659.734873928253
-258.0877062120828,6659.734873928253
-248.08770621208282,6659.734873928253
-238.08770621208282,6659.734873928253
-228.08770621208282,6659.734873928253
-218.08770621208282,6659.734873928253
-208.08770621208282,6659.734873928253
-198.08770621208282,6659.734873928253
-188.08770621208282,6659.734873928253
-178.08770621208282,6659.734873928253
-168.08770621208282,6659.734873928253
-158.08770621208282,6659.734873928253
-148.08770621208282,6659.734873928253
-138.08770621208282,6659.734873928253
-128.08770621208282,6659.734873928253
-118.08770621208282,6659.734873928253
-108.08770621208282,6659.734873928253
-98.08770621208282,6659.734873928253
-88.08770621208282,6659.734873928253
-78.08770621208282,6659.734873928253
-68.08770621208282,6659.734873928253
-58.08770621208282,6659.734873928253
-48.08770621208282,6659.734873928253
-38.08770621208282,6659.734873928253
-28.08770621208282,6659.734873928253
-18.08770621208282,6659.734873928253
-8.087706212082821,6659.734873928253
1.9122937879171786,6659.734873928253
11.912293787917179,6659.734873928253
21.91229378791718,6659.734873928253
31.91229378791718,6659.734873928253
41.91229378791718,6659.734873928253
51.91229378791718,6659.734873928253
61.91229378791718,6659.734873928253
71.91229378791718,6659.734873928253
81.91229378791718,6659.734873928253
91.91229378791718,6659.734873928253
101.91229378791718,6659.734873928253
111.91229378791718,6659.734873928253
121.91229378791718,6659.734873928253
131.91229378791718,6659.734873928253
141.91229378791718,6659.734873928253
151.91229378791718,6659.734873928253
161.91229378791718,6659.734873928253
171.91229378791718,6659.734873928253
181.91229378791718,6659.734873928253
191.91229378791718,6659.734873928253
201.91229378791718,6659.734873928253
211.91229378791718,6659.734873928253
221.91229378791718,6659.734873928253
-288.0877062120828,6669.734873928253
-278.0877062120828,6669.734873928253
-268.0877062120828,6669.734873928253
-258.0877062120828,6669.734873928253
-248.08770621208282,6669.734873928253
-238.08770621208282,6669.734873928253
-228.08770621208282,6669.734873928253
-218.08770621208282,6669.734873928253
-208.08770621208282,6669.734873928253
-198.08770621208282,6669.734873928253
-188.08770621208282,6669.734873928253
-178.08770621208282,6669.734873928253
-168.08770621208282,6669.734873928253
-158.08770621208282,6669.734873928253
-148.08770621208282,6669.734873928253
-138.08770621208282,6669.734873928253
-128.08770621208282,6669.734873928253
-118.08770621208282,6669.734873928253
-108.08770621208282,6669.734873928253
-98.08770621208282,6669.734873928253
-88.08770621208282,6669.734873928253
-78.08770621208282,6669.734873928253
-68.08770621208282,6669.734873928253
-58.08770621208282,6669.734873928253
-48.08770621208282,6669.734873928253
-38.08770621208282,6669.734873928253
-28.08770621208282,6669.734873928253
-18.08770621208282,6669.734873928253
-8.087706212082821,6669.734873928253
1.9122937879171786,6669.734873928253
11.912293787917179,6669.734873928253
21.91229378791718,6669.734873928253
31.91229378791718,6669.734873928253
41.91229378791718,6669.734873928253
51.91229378791718,6669.734873928253
61.91229378791718,6669.734873928253
71.91229378791718,6669.734873928253
81.91229378791718,6669.734873928253
91.91229378791718,6669.734873928253
101.91229378791718,6669.734873928253
111.91229378791718,6669.734873928253
121.91229378791718,6669.734873928253
131.91229378791718,6669.734873928253
-288.0877062120828,6679.734873928253
-278.0877062120828,6679.734873928253
-268.0877062120828,6679.734873928253
-258.0877062120828,6679.734873928253
-248.08770621208282,6679.734873928253
-238.08770621208282,6679.734873928253
-228.08770621208282,6679.734873928253
-218.08770621208282,6679.734873928253
-208.08770621208282,6679.734873928253
-198.08770621208282,6679.734873928253
-188.08770621208282,6679.734873928253
-178.08770621208282,6679.734873928253
-168.08770621208282,6679.734873928253
-158.08770621208282,6679.734873928253
-148.08770621208282,6679.734873928253
-138.08770621208282,6679.734873928253
-128.08770621208282,6679.734873928253
-118.08770621208282,6679.734873928253
-108.08770621208282,6679.734873928253
-98.08770621208282,6679.734873928253
-88.08770621208282,6679.734873928253
-78.08770621208282,6679.734873928253
-68.08770621208282,6679.734873928253
-58.08770621208282,6679.734873928253
-48.08770621208282,6679.734873928253
-38.08770621208282,6679.734873928253
-28.08770621208282,6679.734873928253
-18.08770621208282,6679.734873928253
-8.087706212082821,6679.734873928253
1.9122937879171786,6679.734873928253
11.912293787917179,6679.734873928253
21.91229378791718,6679.734873928253
31.91229378791718,6679.734873928253
41.91229378791718,6679.734873928253
51.91229378791718,6679.734873928253
61.91229378791718,6679.734873928253
71.91229378791718,6679.734873928253
-288.0877062120828,6689.734873928253
-278.0877062120828,6689.734873928253
-268.0877062120828,6689.734873928253
-258.0877062120828,6689.734873928253
-248.08770621208282,6689.734873928253
-238.08770621208282,6689.734873928253
-228.08770621208282,6689.734873928253
-218.08770621208282,6689.734873928253
-208.08770621208282,6689.734873928253
-198.08770621208282,6689.734873928253
-188.08770621208282,6689.734873928253
-178.08770621208282,6689.734873928253
-168.08770621208282,6689.734873928253
-158.08770621208282,6689.734873928253
-148.08770621208282,6689.734873928253
-138.08770621208282,6689.734873928253
-128.08770621208282,6689.734873928253
-118.08770621208282,6689.734873928253
-108.08770621208282,6689.734873928253
-98.08770621208282,6689.734873928253
-88.08770621208282,6689.734873928253
-78.08770621208282,6689.734873928253
-68.08770621208282,6689.734873928253
-58.08770621208282,6689.734873928253
-48.08770621208282,6689.734873928253
-38.08770621208282,6689.734873928253
-28.08770621208282,6689.734873928253
-18.08770621208282,6689.734873928253
-8.087706212082821,6689.734873928253
1.9122937879171786,6689.734873928253
11.912293787917179,6689.734873928253
21.91229378791718,6689.734873928253
31.91229378791718,6689.734873928253
41.91229378791718,6689.734873928253
51.91229378791718,6689.734873928253
61.91229378791718,6689.734873928253
71.91229378791718,6689.734873928253
-288.0877062120828,6699.734873928253
-278.0877062120828,6699.734873928253
-268.0877062120828,6699.734873928253
-258.0877062120828,6699.734873928253
-248.08770621208282,6699.734873928253
-238.08770621208282,6699.734873928253
-228.08770621208282,6699.734873928253
-218.08770621208282,6699.734873928253
-208.08770621208282,6699.734873928253
-198.08770621208282,6699.734873928253
-188.08770621208282,6699.734873928253
-178.08770621208282,6699.734873928253
-168.08770621208282,6699.734873928253
-158.08770621208282,6699.734873928253
-148.08770621208282,6699.734873928253
-138.08770621208282,6699.734873928253
-128.08770621208282,6699.734873928253
-118.08770621208282,6699.734873928253
-108.08770621208282,6699.734873928253
-98.08770621208282,6699.734873928253
-88.08770621208282,6699.734873928253
-78.08770621208282,6699.734873928253
-68.08770621208282,6699.734873928253
-58.08770621208282,6699.734873928253
-48.08770621208282,6699.734873928253
-38.08770621208282,6699.734873928253
-28.08770621208282,6699.734873928253
-18.08770621208282,6699.734873928253
-8.087706212082821,6699.734873928253
1.9122937879171786,6699.734873928253
11.912293787917179,6699.734873928253
21.91229378791718,6699.734873928253
31.91229378791718,6699.734873928253
41.91229378791718,6699.734873928253
51.91229378791718,6699.734873928253
61.91229378791718,6699.734873928253
71.91229378791718,6699.734873928253
-288.0877062120828,6709.734873928253
-278.0877062120828,6709.734873928253
-268.0877062120828,6709.734873928253
-258.0877062120828,6709.734873928253
-248.08770621208282,6709.734873928253
-238.08770621208282,6709.734873928253
-228.08770621208282,6709.734873928253
-218.08770621208282,6709.734873928253
-208.08770621208282,6709.734873928253
-198.08770621208282,6709.734873928253
-188.08770621208282,6709.734873928253
-178.08770621208282,6709.734873928253
-168.08770621208282,6709.734873928253
-158.08770621208282,6709.734873928253
-148.08770621208282,6709.734873928253
-138.08770621208282,6709.734873928253
-128.08770621208282,6709.734873928253
-118.08770621208282,6709.734873928253
-108.08770621208282,6709.734873928253
-98.08770621208282,6709.734873928253
-88.08770621208282,6709.734873928253
-78.08770621208282,6709.734873928253
-68.08770621208282,6709.734873928253
-58.08770621208282,6709.734873928253
-48.08770621208282,6709.734873928253
-38.08770621208282,6709.734873928253
-28.08770621208282,6709.734873928253
-18.08770621208282,6709.734873928253
-8.087706212082821,6709.734873928253
1.9122937879171786,6709.734873928253
11.912293787917179,6709.734873928253
21.91229378791718,6709.734873928253
31.91229378791718,6709.734873928253
41.91229378791718,6709.734873928253
51.91229378791718,6709.734873928253
61.91229378791718,6709.734873928253
71.91229378791718,6709.734873928253
-288.0877062120828,6719.734873928253
-278.0877062120828,6719.734873928253
-268.0877062120828,6719.734873928253
-258.0877062120828,6719.734873928253
-248.08770621208282,6719.734873928253
-238.08770621208282,6719.734873928253
-228.08770621208282,6719.734873928253
-218.08770621208282,6719.734873928253
-208.08770621208282,6719.734873928253
-198.08770621208282,6719.734873928253
-188.08770621208282,6719.734873928253
-178.08770621208282,6719.734873928253
-168.08770621208282,6719.734873928253
-158.08770621208282,6719.734873928253
-148.08770621208282,6719.734873928253
-138.08770621208282,6719.734873928253
-128.08770621208282,6719.734873928253
-118.08770621208282,6719.734873928253
-108.08770621208282,6719.734873928253
-98.08770621208282,6719.734873928253
-88.08770621208282,6719.734873928253
-78.08770621208282,6719.734873928253
-68.08770621208282,6719.734873928253
-58.08770621208282,6719.734873928253
-48.08770621208282,6719.734873928253
-38.08770621208282,6719.734873928253
-28.08770621208282,6719.734873928253
-18.08770621208282,6719.734873928253
-8.087706212082821,6719.734873928253
1.9122937879171786,6719.734873928253
11.912293787917179,6719.734873928253
21.91229378791718,6719.734873928253
31.91229378791718,6719.734873928253
41.91229378791718,6719.734873928253
51.91229378791718,6719.734873928253
61.91229378791718,6719.734873928253
71.91229378791718,6719.734873928253
-288.0877062120828,6729.734873928253
-278.0877062120828,6729.734873928253
-268.0877062120828,6729.734873928253
-258.0877062120828,6729.734873928253
-248.08770621208282,6729.734873928253
-238.08770621208282,6729.734873928253
-228.08770621208282,6729.734873928253
-218.08770621208282,6729.734873928253
-208.08770621208282,6729.734873928253
-198.08770621208282,6729.734873928253
-188.08770621208282,6729.734873928253
-178.08770621208282,6729.734873928253
-168.08770621208282,6729.734873928253
-158.08770621208282,6729.734873928253
-148.08770621208282,6729.734873928253
-138.08770621208282,6729.734873928253
-128.08770621208282,6729.734873928253
-118.08770621208282,6729.734873928253
-108.08770621208282,6729.734873928253
-98.08770621208282,6729.734873928253
-88.08770621208282,6729.734873928253
-78.08770621208282,6729.734873928253
-68.08770621208282,6729.734873928253
-58.08770621208282,6729.734873928253
-48.08770621208282,6729.734873928253
-38.08770621208282,6729.734873928253
-28.08770621208282,6729.734873928253
-18.08770621208282,6729.734873928253
-8.087706212082821,6729.734873928253
1.9122937879171786,6729.734873928253
11.912293787917179,6729.734873928253
21.91229378791718,6729.734873928253
31.91229378791718,6729.734873928253
41.91229378791718,6729.734873928253
51.91229378791718,6729.734873928253
61.91229378791718,6729.734873928253
71.91229378791718,6729.734873928253
-288.0877062120828,6739.734873928253
-278.0877062120828,6739.734873928253
-268.0877062120828,6739.734873928253
-258.0877062120828,6739.734873928253
-248.08770621208282,6739.734873928253
-238.08770621208282,6739.734873928253
-228.08770621208282,6739.734873928253
-218.08770621208282,6739.734873928253
-208.08770621208282,6739.734873928253
-198.08770621208282,6739.734873928253
-188.08770621208282,6739.734873928253
-178.08770621208282,6739.734873928253
-168.08770621208282,6739.734873928253
-158.08770621208282,6739.734873928253
-148.08770621208282,6739.734873928253
-138.08770621208282,6739.734873928253
-128.08770621208282,6739.734873928253
-118.08770621208282,6739.734873928253
-108.08770621208282,6739.734873928253
-98.08770621208282,6739.734873928253
-88.08770621208282,6739.734873928253
-78.08770621208282,6739.734873928253
-68.08770621208282,6739.734873928253
-58.08770621208282,6739.734873928253
-48.08770621208282,6739.734873928253
-38.08770621208282,6739.734873928253
-28.08770621208282,6739.734873928253
-18.08770621208282,6739.734873928253
-8.087706212082821,6739.734873928253
1.9122937879171786,6739.734873928253
11.912293787917179,6739.734873928253
21.91229378791718,6739.734873928253
31.91229378791718,6739.734873928253
41.91229378791718,6739.734873928253
51.91229378791718,6739.734873928253
61.91229378791718,6739.734873928253
71.91229378791718,6739.734873928253
-288.0877062120828,6749.734873928253
-278.0877062120828,6749.734873928253
-268.0877062120828,6749.734873928253
-258.0877062120828,6749.734873928253
-248.08770621208282,6749.734873928253
-238.08770621208282,6749.734873928253
-228.08770621208282,6749.734873928253
-218.08770621208282,6749.734873928253
-208.08770621208282,6749.734873928253
-198.08770621208282,6749.734873928253
-188.08770621208282,6749.734873928253
-178.08770621208282,6749.734873928253
-168.08770621208282,6749.734873928253
-158.08770621208282,6749.734873928253
-148.08770621208282,6749.734873928253
-138.08770621208282,6749.734873928253
-128.08770621208282,6749.734873928253
-118.08770621208282,6749.734873928253
-108.08770621208282,6749.734873928253
-98.08770621208282,6749.734873928253
-88.08770621208282,6749.734873928253
-78.08770621208282,6749.734873928253
-68.08770621208282,6749.734873928253
-58.08770621208282,6749.734873928253
-48.08770621208282,6749.734873928253
-38.08770621208282,6749.734873928253
-28.08770621208282,6749.734873928253
-18.08770621208282,6749.734873928253
-8.087706212082821,6749.734873928253
1.9122937879171786,6749.734873928253
11.912293787917179,6749.734873928253
21.91229378791718,6749.734873928253
31.91229378791718,6749.734873928253
41.91229378791718,6749.734873928253
51.91229378791718,6749.734873928253
61.91229378791718,6749.734873928253
71.91229378791718,6749.734873928253
-288.0877062120828,6759.734873928253
-278.0877062120828,6759.734873928253
-268.0877062120828,6759.734873928253
-258.0877062120828,6759.734873928253
-248.08770621208282,6759.734873928253
-238.08770621208282,6759.734873928253
-228.08770621208282,6759.734873928253
-218.08770621208282,6759.734873928253
-208.08770621208282,6759.734873928253
-198.08770621208282,6759.734873928253
-188.08770621208282,6759.734873928253
-178.08770621208282,6759.734873928253
-168.08770621208282,6759.734873928253
-158.08770621208282,6759.734873928253
-148.08770621208282,6759.734873928253
-138.08770621208282,6759.734873928253
-128.08770621208282,6759.734873928253
-118.08770621208282,6759.734873928253
-108.08770621208282,6759.734873928253
-98.08770621208282,6759.734873928253
-88.08770621208282,6759.734873928253
-78.08770621208282,6759.734873928253
-68.08770621208282,6759.734873928253
-58.08770621208282,6759.734873928253
-48.08770621208282,6759.734873928253
-38.08770621208282,6759.734873928253
-28.08770621208282,6759.734873928253
-18.08770621208282,6759.734873928253
-8.087706212082821,6759.734873928253
1.9122937879171786,6759.734873928253
11.912293787917179,6759.734873928253
21.91229378791718,6759.734873928253
31.91229378791718,6759.734873928253
41.91229378791718,6759.734873928253
51.91229378791718,6759.734873928253
61.91229378791718,6759.734873928253
71.91229378791718,6759.734873928253
-288.0877062120828,6769.734873928253
-278.0877062120828,6769.734873928253
-268.0877062120828,6769.734873928253
-258.0877062120828,6769.734873928253
-248.08770621208282,6769.734873928253
-238.08770621208282,6769.734873928253
-228.08770621208282,6769.734873928253
-218.08770621208282,6769.734873928253
-208.08770621208282,6769.734873928253
-198.08770621208282,6769.734873928253
-188.08770621208282,6769.734873928253
-178.08770621208282,6769.734873928253
-168.08770621208282,6769.734873928253
-158.08770621208282,6769.734873928253
-148.08770621208282,6769.734873928253
-138.08770621208282,6769.734873928253
-128.08770621208282,6769.734873928253
-118.08770621208282,6769.734873928253
-108.08770621208282,6769.734873928253
-98.08770621208282,6769.734873928253
-88.08770621208282,6769.734873928253
-78.08770621208282,6769.734873928253
-68.08770621208282,6769.734873928253
-58.08770621208282,6769.734873928253
-48.08770621208282,6769.734873928253
-38.08770621208282,6769.734873928253
-28.08770621208282,6769.734873928253
-18.08770621208282,6769.734873928253
-8.087706212082821,6769.734873928253
1.9122937879171786,6769.734873928253
11.912293787917179,6769.734873928253
21.91229378791718,6769.734873928253
31.91229378791718,6769.734873928253
41.91229378791718,6769.734873928253
51.91229378791718,6769.734873928253
61.91229378791718,6769.734873928253
71.91229378791718,6769.734873928253
-288.0877062120828,6779.734873928253
-278.0877062120828,6779.734873928253
-268.0877062120828,6779.734873928253
-258.0877062120828,6779.734873928253
-248.08770621208282,6779.734873928253
-238.08770621208282,6779.734873928253
-228.08770621208282,6779.734873928253
-218.08770621208282,6779.734873928253
-208.08770621208282,6779.734873928253
-198.08770621208282,6779.734873928253
-188.08770621208282,6779.734873928253
-178.08770621208282,6779.734873928253
-168.08770621208282,6779.734873928253
-158.08770621208282,6779.734873928253
-148.08770621208282,6779.734873928253
-138.08770621208282,6779.734873928253
-128.08770621208282,6779.734873928253
-118.08770621208282,6779.734873928253
-108.08770621208282,6779.734873928253
-98.08770621208282,6779.734873928253
-88.08770621208282,6779.734873928253
-78.08770621208282,6779.734873928253
-68.08770621208282,6779.734873928253
-58.08770621208282,6779.734873928253
-48.08770621208282,6779.734873928253
-38.08770621208282,6779.734873928253
-28.08770621208282,6779.734873928253
-18.08770621208282,6779.734873928253
-8.087706212082821,6779.734873928253
1.9122937879171786,6779.734873928253
11.912293787917179,6779.734873928253
21.91229378791718,6779.734873928253
31.91229378791718,6779.734873928253
41.91229378791718,6779.734873928253
51.91229378791718,6779.734873928253
61.91229378791718,6779.734873928253
71.91229378791718,6779.734873928253
81.91229378791718,6779.734873928253
-288.0877062120828,6789.734873928253
-278.0877062120828,6789.734873928253
-268.0877062120828,6789.734873928253
-258.0877062120828,6789.734873928253
-248.08770621208282,6789.734873928253
-238.08770621208282,6789.734873928253
-228.08770621208282,6789.734873928253
-218.08770621208282,6789.734873928253
-208.08770621208282,6789.734873928253
-198.08770621208282,6789.734873928253
-188.08770621208282,6789.734873928253
-178.08770621208282,6789.734873928253
-168.08770621208282,6789.734873928253
-158.08770621208282,6789.734873928253
-148.08770621208282,6789.734873928253
-138.08770621208282,6789.734873928253
-128.08770621208282,6789.734873928253
-118.08770621208282,6789.734873928253
-108.08770621208282,6789.734873928253
-98.08770621208282,6789.734873928253
-88.08770621208282,6789.734873928253
-78.08770621208282,6789.734873928253
-68.08770621208282,6789.734873928253
-58.08770621208282,6789.734873928253
-48.08770621208282,6789.734873928253
-38.08770621208282,6789.734873928253
-28.08770621208282,6789.734873928253
-18.08770621208282,6789.734873928253
-8.087706212082821,6789.734873928253
1.9122937879171786,6789.734873928253
11.912293787917179,6789.734873928253
21.91229378791718,6789.734873928253
31.91229378791718,6789.734873928253
41.91229378791718,6789.734873928253
51.91229378791718,6789.734873928253
61.91229378791718,6789.734873928253
71.91229378791718,6789.734873928253
81.91229378791718,6789.734873928253
-288.0877062120828,6799.734873928253
-278.0877062120828,6799.734873928253
-268.0877062120828,6799.734873928253
-258.0877062120828,6799.734873928253
-248.08770621208282,6799.734873928253
-238.08770621208282,6799.734873928253
-228.08770621208282,6799.734873928253
-218.08770621208282,6799.734873928253
-208.08770621208282,6799.734873928253
-198.08770621208282,6799.734873928253
-188.08770621208282,6799.734873928253
-178.08770621208282,6799.734873928253
-168.08770621208282,6799.734873928253
-158.08770621208282,6799.734873928253
-148.08770621208282,6799.734873928253
-138.08770621208282,6799.734873928253
-128.08770621208282,6799.734873928253
-118.08770621208282,6799.734873928253
-108.08770621208282,6799.734873928253
-98.08770621208282,6799.734873928253
-88.08770621208282,6799.734873928253
-78.08770621208282,6799.734873928253
-68.08770621208282,6799.734873928253
-58.08770621208282,6799.734873928253
-48.08770621208282,6799.734873928253
-38.08770621208282,6799.734873928253
-28.08770621208282,6799.734873928253
-18.08770621208282,6799.734873928253
-8.087706212082821,6799.734873928253
1.9122937879171786,6799.734873928253
11.912293787917179,6799.734873928253
21.91229378791718,6799.734873928253
31.91229378791718,6799.734873928253
41.91229378791718,6799.734873928253
-248.08770621208282,6809.734873928253
-238.08770621208282,6809.734873928253
-228.08770621208282,6809.734873928253
-218.08770621208282,6809.734873928253
-208.08770621208282,6809.734873928253
-198.08770621208282,6809.734873928253
-188.08770621208282,6809.734873928253
-178.08770621208282,6809.734873928253
-168.08770621208282,6809.734873928253
-158.08770621208282,6809.734873928253
-148.08770621208282,6809.734873928253
-138.08770621208282,6809.734873928253
-128.08770621208282,6809.734873928253
-118.08770621208282,6809.734873928253
-108.08770621208282,6809.734873928253
-98.08770621208282,6809.734873928253
-88.08770621208282,6809.734873928253
-78.08770621208282,6809.734873928253
-68.08770621208282,6809.734873928253
-58.08770621208282,6809.734873928253
-48.08770621208282,6809.734873928253
-38.08770621208282,6809.734873928253
-28.08770621208282,6809.734873928253
-18.08770621208282,6809.734873928253
-8.087706212082821,6809.734873928253
1.9122937879171786,6809.734873928253
-248.08770621208282,6819.734873928253
-238.08770621208282,6819.734873928253
-228.08770621208282,6819.734873928253
-218.08770621208282,6819.734873928253
-208.08770621208282,6819.734873928253
-198.08770621208282,6819.734873928253
-188.08770621208282,6819.734873928253
-178.08770621208282,6819.734873928253
-168.08770621208282,6819.734873928253
-158.08770621208282,6819.734873928253
-148.08770621208282,6819.734873928253
-138.08770621208282,6819.734873928253
-128.08770621208282,6819.734873928253
-118.08770621208282,6819.734873928253
-108.08770621208282,6819.734873928253
-98.08770621208282,6819.734873928253
-88.08770621208282,6819.734873928253
-78.08770621208282,6819.734873928253
-68.08770621208282,6819.734873928253
-58.08770621208282,6819.734873928253
-48.08770621208282,6819.734873928253
-38.08770621208282,6819.734873928253
-28.08770621208282,6819.734873928253
-18.08770621208282,6819.734873928253
-8.087706212082821,6819.734873928253
1.9122937879171786,6819.734873928253
-248.08770621208282,6829.734873928253
-238.08770621208282,6829.734873928253
-228.08770621208282,6829.734873928253
-218.08770621208282,6829.734873928253
-208.08770621208282,6829.734873928253
-198.08770621208282,6829.734873928253
-188.08770621208282,6829.734873928253
-178.08770621208282,6829.734873928253
-168.08770621208282,6829.734873928253
-158.08770621208282,6829.734873928253
-148.08770621208282,6829.734873928253
-138.08770621208282,6829.734873928253
-128.08770621208282,6829.734873928253
-118.08770621208282,6829.734873928253
-108.08770621208282,6829.734873928253
-98.08770621208282,6829.734873928253
-88.08770621208282,6829.734873928253
-78.08770621208282,6829.734873928253
-68.08770621208282,6829.734873928253
-58.08770621208282,6829.734873928253
-48.08770621208282,6829.734873928253
-38.08770621208282,6829.734873928253
-28.08770621208282,6829.734873928253
-18.08770621208282,6829.734873928253
-8.087706212082821,6829.734873928253
1.9122937879171786,6829.734873928253
-218.08770621208282,6839.734873928253
-208.08770621208282,6839.734873928253
-198.08770621208282,6839.734873928253
-188.08770621208282,6839.734873928253
-178.08770621208282,6839.734873928253
-168.08770621208282,6839.734873928253
-158.08770621208282,6839.734873928253
-148.08770621208282,6839.734873928253
-138.08770621208282,6839.734873928253
-128.08770621208282,6839.734873928253
-118.08770621208282,6839.734873928253
-108.08770621208282,6839.734873928253
-98.08770621208282,6839.734873928253
-88.08770621208282,6839.734873928253
-78.08770621208282,6839.734873928253
-68.08770621208282,6839.734873928253
-58.08770621208282,6839.734873928253
-48.08770621208282,6839.734873928253
-38.08770621208282,6839.734873928253
-28.08770621208282,6839.734873928253
-18.08770621208282,6839.734873928253
-218.08770621208282,6849.734873928253
-208.08770621208282,6849.734873928253
-198.08770621208282,6849.734873928253
-188.08770621208282,6849.734873928253
-178.08770621208282,6849.734873928253
-168.08770621208282,6849.734873928253
-158.08770621208282,6849.734873928253
-148.08770621208282,6849.734873928253
-138.08770621208282,6849.734873928253
-128.08770621208282,6849.734873928253
-118.08770621208282,6849.734873928253
-108.08770621208282,6849.734873928253
-98.08770621208282,6849.734873928253
-88.08770621208282,6849.734873928253
-78.08770621208282,6849.734873928253
-68.08770621208282,6849.734873928253
-218.08770621208282,6859.734873928253
-208.08770621208282,6859.734873928253
-198.08770621208282,6859.734873928253
-188.08770621208282,6859.734873928253
-178.08770621208282,6859.734873928253
-168.08770621208282,6859.734873928253
-158.08770621208282,6859.734873928253
-148.08770621208282,6859.734873928253
-138.08770621208282,6859.734873928253
-128.08770621208282,6859.734873928253
-118.08770621208282,6859.734873928253
-108.08770621208282,6859.734873928253
-98.08770621208282,6859.734873928253
-88.08770621208282,6859.734873928253
-78.08770621208282,6859.734873928253
-68.08770621208282,6859.734873928253
-178.08770621208282,6869.734873928253
-168.08770621208282,6869.734873928253
-158.08770621208282,6869.734873928253
-148.08770621208282,6869.734873928253
-138.08770621208282,6869.734873928253
-128.08770621208282,6869.734873928253
-118.08770621208282,6869.734873928253
-108.08770621208282,6869.734873928253
-98.08770621208282,6869.734873928253
-88.08770621208282,6869.734873928253
-78.08770621208282,6869.734873928253
-68.08770621208282,6869.734873928253
-178.08770621208282,6879.734873928253
-168.08770621208282,6879.734873928253
-158.08770621208282,6879.734873928253
-148.08770621208282,6879.734873928253
-138.08770621208282,6879.734873928253
-128.08770621208282,6879.734873928253
-118.08770621208282,6879.734873928253
-108.08770621208282,6879.734873928253
-98.08770621208282,6879.734873928253
-88.08770621208282,6879.734873928253
-78.08770621208282,6879.734873928253
-68.08770621208282,6879.734873928253
-178.08770621208282,6889.734873928253
-168.08770621208282,6889.734873928253
-158.08770621208282,6889.734873928253
-148.08770621208282,6889.734873928253
-138.08770621208282,6889.734873928253
-128.08770621208282,6889.734873928253
-118.08770621208282,6889.734873928253
-108.08770621208282,6889.734873928253
-98.08770621208282,6889.734873928253
-88.08770621208282,6889.734873928253
-78.08770621208282,6889.734873928253
-68.08770621208282,6889.734873928253
-138.08770621208282,6899.734873928253
-128.08770621208282,6899.734873928253
-118.08770621208282,6899.734873928253
-108.08770621208282,6899.734873928253
-98.08770621208282,6899.734873928253
-88.08770621208282,6899.734873928253
-78.08770621208282,6899.734873928253
-68.08770621208282,6899.734873928253
-138.08770621208282,6909.734873928253
-128.08770621208282,6909.734873928253
-118.08770621208282,6909.734873928253
-108.08770621208282,6909.734873928253
-98.08770621208282,6909.734873928253
-88.08770621208282,6909.734873928253
-78.08770621208282,6909.734873928253
-68.08770621208282,6909.734873928253
-138.08770621208282,6919.734873928253
-128.08770621208282,6919.734873928253
-118.08770621208282,6919.734873928253
-108.08770621208282,6919.734873928253
-98.08770621208282,6919.734873928253
-88.08770621208282,6919.734873928253
-78.08770621208282,6919.734873928253
-68.08770621208282,6919.734873928253
